Draw Date,Main_Numbers,Bonus,Jackpot,Winners
,"[11, 17, 22, 41, 49, 54]",4,33.0,0
,"[6, 20, 36, 43, 52, 53]",50,15.0,0
,"[14, 19, 28, 33, 53, 57]",29,495.0,1
,"[7, 15, 20, 21, 54, 58]",41,998.0,3
,"[3, 9, 32, 37, 38, 46]",1,401.0,1
,"[3, 26, 39, 43, 44, 53]",59,415.0,3
,"[12, 21, 22, 27, 35, 55]",49,60.0,20
,"[21, 33, 36, 52, 54, 59]",7,795.0,5
,"[16, 23, 24, 42, 49, 57]",25,869.0,3
,"[1, 12, 19, 25, 46, 54]",22,760.0,5
,"[17, 18, 26, 27, 54, 56]",15,786.0,3
,"[9, 22, 31, 38, 50, 57]",36,715.0,5
,"[3, 6, 17, 26, 39, 43]",30,251.0,3
,"[20, 32, 46, 49, 54, 57]",14,262.0,1
,"[11, 28, 37, 44, 49, 58]",35,200.0,10
,"[9, 25, 29, 55, 57, 59]",42,536.0,8
,"[7, 20, 26, 43, 55, 59]",12,292.0,0
,"[11, 16, 21, 29, 45, 48]",50,556.0,7
,"[5, 24, 25, 38, 40, 52]",1,36.0,4
,"[1, 17, 18, 27, 33, 52]",10,650.0,5
,"[2, 7, 17, 35, 45, 48]",8,276.0,0
,"[6, 13, 31, 44, 48, 51]",36,50.0,2
,"[22, 25, 40, 43, 45, 46]",12,276.0,3
,"[11, 18, 21, 32, 45, 47]",38,976.0,4
,"[3, 4, 8, 10, 34, 57]",15,676.0,4
,"[3, 18, 19, 37, 58, 59]",39,838.0,1
,"[1, 4, 9, 14, 34, 55]",31,765.0,0
,"[24, 28, 34, 40, 42, 58]",51,801.0,1
,"[8, 13, 31, 36, 39, 56]",16,834.0,7
,"[22, 27, 28, 32, 40, 41]",19,829.0,1
,"[1, 11, 25, 37, 46, 53]",29,358.0,0
,"[13, 40, 42, 45, 46, 49]",32,853.0,3
,"[1, 2, 29, 50, 51, 53]",37,258.0,0
,"[2, 20, 44, 49, 51, 56]",38,354.0,3
,"[6, 20, 22, 41, 52, 59]",46,245.0,3
,"[3, 5, 31, 34, 53, 54]",12,650.0,14
,"[3, 10, 15, 25, 26, 41]",9,300.0,0
,"[18, 30, 36, 43, 44, 50]",52,624.0,4
,"[13, 15, 25, 30, 34, 39]",56,641.0,3
,"[13, 16, 21, 31, 36, 40]",2,424.0,2
,"[6, 10, 14, 17, 25, 48]",52,332.0,0
,"[1, 6, 16, 17, 23, 48]",42,572.0,2
,"[4, 7, 16, 20, 33, 41]",24,760.0,2
,"[34, 37, 38, 55, 56, 58]",7,149.0,1
,"[8, 18, 31, 40, 47, 48]",4,280.0,1
,"[13, 16, 33, 37, 39, 58]",12,198.0,9
,"[15, 17, 21, 23, 25, 42]",47,108.0,1
,"[14, 15, 27, 34, 39, 49]",50,387.0,1
,"[3, 22, 31, 32, 48, 55]",57,512.0,4
,"[9, 22, 27, 37, 54, 56]",53,997.0,7
,"[3, 7, 15, 17, 44, 54]",25,830.0,133
,"[3, 12, 27, 29, 36, 44]",42,0.0,0
,"[8, 22, 27, 37, 46, 55]",4,120.0,8
,"[5, 7, 19, 25, 33, 59]",24,522.0,1
,"[4, 5, 24, 44, 49, 54]",27,743.0,7
,"[19, 29, 35, 37, 55, 58]",23,796.0,4
,"[22, 24, 26, 35, 39, 50]",49,466.0,3
,"[1, 26, 33, 45, 47, 49]",56,905.0,1
,"[3, 18, 19, 37, 58, 59]",39,524.0,4
,"[8, 12, 13, 29, 55, 59]",42,156.0,3
,"[1, 2, 29, 50, 51, 53]",37,172.0,11
,"[2, 20, 44, 49, 51, 56]",38,874.0,7
,"[13, 27, 33, 45, 46, 52]",19,495.0,0
,"[11, 19, 25, 28, 37, 49]",41,645.0,1
,"[4, 12, 27, 44, 47, 51]",43,362.0,2
,"[8, 11, 41, 42, 49, 57]",45,224.0,4
,"[2, 22, 23, 26, 45, 57]",29,49.0,1
,"[18, 22, 34, 45, 53, 58]",5,880.0,5
,"[5, 6, 8, 14, 20, 46]",36,55.0,5
,"[8, 10, 13, 23, 55, 59]",28,451.0,7
,"[7, 9, 10, 12, 14, 17]",41,700.0,7
,"[7, 17, 19, 31, 34, 53]",33,124.0,1
,"[2, 10, 26, 36, 38, 59]",3,982.0,2
,"[2, 5, 14, 39, 45, 51]",3,592.0,4
,"[3, 5, 9, 17, 28, 49]",10,960.0,4
,"[2, 5, 7, 13, 41, 56]",3,229.0,7
,"[5, 9, 30, 52, 56, 59]",51,212.0,12
,"[24, 27, 30, 32, 36, 38]",3,766.0,0
,"[1, 9, 23, 29, 54, 57]",58,146.0,2
,"[4, 13, 26, 35, 40, 48]",39,49.0,9
,"[11, 13, 14, 30, 32, 38]",20,718.0,0
,"[8, 15, 37, 38, 39, 53]",9,416.0,2
,"[1, 6, 11, 20, 52, 59]",58,216.0,2
,"[2, 15, 21, 25, 45, 49]",36,770.0,5
,"[5, 17, 25, 29, 49, 59]",31,233.0,1
,"[13, 32, 35, 40, 50, 59]",42,520.0,8
,"[10, 13, 16, 17, 21, 38]",27,396.0,2
,"[6, 8, 36, 45, 48, 53]",21,249.0,0
,"[2, 4, 6, 42, 51, 54]",37,612.0,2
,"[1, 3, 14, 29, 30, 45]",19,821.0,3
,"[15, 23, 26, 33, 43, 53]",12,575.0,5
,"[10, 13, 17, 22, 31, 33]",20,220.0,0
,"[5, 9, 30, 52, 56, 59]",51,163.0,9
,"[21, 31, 33, 34, 50, 53]",49,963.0,57
,"[2, 19, 26, 30, 46, 47]",42,616.0,8
,"[2, 3, 6, 22, 28, 30]",36,952.0,2
,"[9, 10, 28, 29, 41, 58]",47,860.0,4
,"[2, 10, 15, 27, 46, 58]",21,770.0,5
,"[9, 10, 19, 23, 31, 53]",55,294.0,6
,"[1, 3, 5, 10, 31, 39]",6,856.0,6
,"[5, 11, 14, 25, 32, 56]",41,600.0,4
,"[23, 25, 44, 45, 51, 56]",52,380.0,0
,"[2, 4, 19, 30, 40, 59]",41,861.0,0
,"[2, 17, 24, 29, 37, 57]",26,610.0,3
,"[21, 25, 28, 38, 39, 55]",7,474.0,6
,"[1, 4, 8, 10, 39, 48]",5,131.0,3
,"[3, 5, 31, 34, 53, 54]",12,28.0,2
,"[3, 12, 27, 29, 36, 44]",42,0.0,2
,"[5, 7, 13, 15, 17, 59]",30,949.0,0
,"[6, 16, 37, 41, 45, 57]",9,990.0,2
,"[3, 12, 27, 29, 36, 44]",42,638.0,3
,"[2, 21, 30, 31, 33, 54]",19,958.0,6
,"[10, 12, 16, 40, 41, 43]",38,579.0,0
,"[7, 21, 27, 38, 54, 56]",33,844.0,1
,"[4, 12, 16, 31, 40, 54]",3,86.0,11
,"[3, 12, 27, 29, 36, 44]",42,1.0,13
,"[3, 12, 27, 29, 36, 44]",42,0.0,4
,"[3, 12, 27, 29, 36, 44]",42,2.0,3
,"[9, 21, 34, 39, 50, 52]",32,980.0,2
,"[16, 21, 24, 42, 53, 56]",33,996.0,0
,"[21, 22, 24, 31, 32, 44]",40,432.0,4
,"[8, 13, 26, 38, 50, 51]",31,967.0,3
,"[3, 7, 13, 20, 30, 45]",37,614.0,1
,"[2, 8, 11, 15, 42, 44]",52,272.0,4
,"[3, 14, 18, 20, 40, 47]",55,501.0,3
,"[10, 17, 21, 40, 44, 46]",8,12.0,4
,"[3, 12, 27, 29, 36, 44]",42,0.0,1
,"[4, 9, 40, 42, 45, 54]",34,888.0,1
,"[3, 12, 27, 29, 36, 44]",42,0.0,8
,"[7, 22, 25, 35, 38, 41]",45,888.0,4
,"[3, 12, 27, 29, 36, 44]",42,1.0,3
,"[18, 25, 32, 35, 47, 53]",37,825.0,5
,"[9, 12, 16, 18, 56, 59]",23,57.0,0
,"[3, 7, 12, 24, 38, 52]",11,462.0,0
,"[3, 12, 27, 29, 36, 44]",42,0.0,1
,"[15, 26, 27, 34, 42, 51]",22,428.0,2
,"[3, 12, 27, 29, 36, 44]",42,0.0,1
,"[3, 6, 8, 26, 32, 36]",21,168.0,1
,"[3, 12, 27, 29, 36, 44]",42,0.0,0
,"[8, 12, 13, 29, 55, 59]",42,240.0,1
,"[3, 12, 27, 29, 36, 44]",42,0.0,2
,"[3, 6, 32, 46, 47, 52]",14,202.0,9
,"[3, 12, 27, 29, 36, 44]",42,0.0,1
,"[2, 12, 20, 25, 27, 33]",58,620.0,4
,"[3, 12, 27, 29, 36, 44]",42,1.0,3
,"[21, 25, 32, 35, 37, 44]",19,615.0,3
,"[3, 12, 27, 29, 36, 44]",42,0.0,0
,"[21, 25, 32, 35, 37, 44]",19,605.0,5
,"[3, 12, 27, 29, 36, 44]",42,0.0,1
,"[8, 18, 20, 29, 46, 58]",54,493.0,3
,"[3, 12, 27, 29, 36, 44]",42,0.0,2
,"[2, 5, 19, 20, 21, 23]",33,540.0,2
,"[3, 12, 27, 29, 36, 44]",42,0.0,1
,"[5, 12, 16, 42, 45, 47]",19,316.0,2
,"[8, 18, 20, 29, 46, 58]",54,260.0,5
,"[6, 21, 24, 25, 26, 35]",7,584.0,0
,"[2, 9, 11, 16, 21, 27]",7,924.0,2
,"[4, 15, 21, 38, 39, 45]",18,762.0,0
,"[3, 12, 27, 29, 36, 44]",42,1.0,3
,"[8, 9, 21, 39, 42, 57]",44,181.0,3
,"[3, 12, 27, 29, 36, 44]",42,0.0,4
,"[6, 7, 22, 40, 51, 54]",19,570.0,3
,"[3, 12, 27, 29, 36, 44]",42,0.0,0
,"[9, 11, 14, 21, 46, 52]",47,760.0,5
,"[1, 4, 8, 18, 27, 49]",41,650.0,0
,"[1, 19, 21, 22, 45, 58]",29,540.0,5
,"[9, 11, 24, 25, 38, 49]",55,636.0,4
,"[2, 9, 19, 37, 49, 55]",50,263.0,1
,"[1, 10, 13, 24, 34, 58]",49,208.0,0
,"[15, 28, 30, 34, 37, 59]",42,40.0,5
,"[5, 10, 22, 25, 29, 47]",27,21.0,7
,"[4, 7, 15, 40, 44, 48]",10,654.0,2
,"[1, 3, 19, 25, 26, 42]",12,696.0,14
,"[17, 22, 37, 51, 56, 58]",55,277.0,1
,"[3, 7, 10, 20, 26, 56]",29,499.0,1
,"[1, 5, 24, 28, 33, 51]",27,346.0,6
,"[8, 29, 34, 35, 49, 57]",37,25.0,5
,"[2, 14, 27, 44, 56, 59]",41,366.0,2
,"[1, 21, 22, 33, 54, 55]",40,228.0,2
,"[7, 12, 20, 26, 51, 59]",52,592.0,8
,"[7, 17, 20, 22, 40, 54]",43,10.0,2
,"[22, 40, 42, 46, 50, 56]",33,50.0,2
,"[22, 30, 31, 42, 46, 59]",53,554.0,2
,"[7, 15, 20, 21, 54, 58]",41,956.0,6
,"[7, 22, 25, 35, 38, 41]",45,127.0,0
,"[4, 5, 17, 25, 52, 53]",42,252.0,3
,"[5, 13, 21, 25, 29, 57]",51,305.0,0
,"[21, 22, 24, 31, 32, 44]",40,638.0,6
,"[6, 13, 14, 30, 33, 47]",51,220.0,2
,"[31, 35, 40, 52, 54, 59]",4,30.0,15
,"[3, 14, 26, 34, 45, 59]",21,685.0,1
,"[1, 3, 6, 30, 31, 51]",54,0.0,20
,"[3, 12, 27, 29, 36, 44]",42,0.0,2
,"[12, 15, 16, 35, 53, 59]",29,320.0,8
,"[3, 12, 27, 29, 36, 44]",42,0.0,1
,"[4, 5, 24, 44, 49, 54]",27,736.0,19
,"[3, 12, 27, 29, 36, 44]",42,8.0,18
,"[2, 28, 30, 34, 40, 46]",7,684.0,4
,"[16, 27, 35, 45, 54, 58]",53,999.0,3
,"[3, 5, 9, 17, 28, 49]",10,653.0,9
,"[10, 19, 29, 32, 36, 39]",5,818.0,0
,"[3, 7, 12, 24, 38, 52]",11,825.0,3
,"[3, 13, 15, 30, 51, 56]",5,900.0,5
,"[3, 8, 9, 17, 28, 49]",36,760.0,10
,"[6, 24, 30, 34, 43, 57]",44,489.0,3
,"[12, 32, 34, 45, 55, 58]",22,25.0,1
,"[14, 27, 28, 42, 52, 54]",50,360.0,4
,"[20, 27, 39, 45, 50, 53]",18,245.0,5
,"[14, 19, 23, 25, 29, 37]",51,6.0,0
,"[14, 21, 25, 39, 46, 55]",3,738.0,1
,"[5, 10, 15, 22, 28, 36]",43,890.0,2
,"[5, 16, 17, 23, 35, 36]",37,452.0,2
,"[19, 26, 37, 43, 49, 57]",35,468.0,4
,"[14, 19, 24, 38, 48, 57]",11,369.0,1
,"[1, 2, 10, 13, 22, 54]",41,707.0,0
,"[3, 12, 27, 29, 36, 44]",42,0.0,8
,"[1, 13, 27, 28, 38, 56]",17,382.0,2
,"[11, 15, 21, 48, 50, 55]",23,842.0,2
,"[10, 22, 45, 51, 54, 56]",43,592.0,4
,"[11, 28, 39, 51, 55, 59]",24,608.0,4
,"[3, 24, 25, 40, 43, 48]",37,555.0,1
,"[10, 11, 47, 50, 53, 59]",12,607.0,3
,"[14, 21, 27, 35, 48, 54]",3,765.0,3
,"[10, 17, 21, 40, 44, 46]",8,576.0,4
,"[1, 21, 22, 33, 54, 55]",40,863.0,1
,"[2, 23, 31, 32, 34, 35]",28,558.0,1
,"[6, 7, 17, 25, 42, 58]",23,210.0,3
,"[5, 14, 16, 18, 19, 59]",36,856.0,4
,"[10, 12, 16, 40, 41, 43]",38,249.0,1
,"[12, 20, 23, 33, 35, 57]",29,998.0,2
,"[11, 30, 31, 34, 35, 36]",37,121.0,0
,"[25, 30, 39, 42, 43, 52]",58,120.0,7
,"[9, 10, 28, 29, 41, 58]",47,322.0,1
,"[3, 10, 40, 53, 57, 58]",21,559.0,0
,"[21, 25, 34, 52, 55, 58]",20,444.0,2
,"[1, 10, 14, 21, 28, 48]",32,408.0,1
,"[8, 27, 28, 40, 43, 52]",56,59.0,0
,"[9, 16, 18, 32, 45, 48]",56,275.0,5
,"[25, 30, 51, 53, 57, 59]",9,16.0,16
,"[12, 19, 39, 43, 55, 59]",41,131.0,3
,"[4, 18, 31, 32, 38, 54]",25,476.0,2
,"[1, 13, 18, 46, 51, 56]",2,0.0,5
,"[2, 4, 23, 28, 29, 38]",21,950.0,2
,"[32, 40, 43, 47, 49, 53]",52,288.0,8
,"[20, 32, 46, 49, 54, 57]",14,777.0,3
,"[8, 15, 25, 27, 38, 59]",43,400.0,6
,"[2, 4, 8, 17, 39, 43]",57,122.0,1
,"[8, 20, 23, 26, 27, 37]",38,974.0,1
,"[7, 17, 19, 31, 34, 53]",33,306.0,2
,"[10, 14, 20, 23, 44, 45]",8,836.0,4
,"[1, 35, 41, 45, 50, 57]",40,147.0,1
,"[5, 7, 9, 16, 24, 45]",17,756.0,12
,"[7, 26, 27, 31, 44, 53]",51,588.0,0
,"[3, 12, 27, 29, 36, 44]",42,4.0,12
,"[3, 12, 27, 29, 36, 44]",42,0.0,2
,"[6, 15, 17, 37, 38, 54]",49,698.0,2
,"[3, 14, 18, 20, 40, 47]",55,759.0,0
,"[5, 22, 35, 45, 47, 57]",16,794.0,6
,"[9, 21, 34, 39, 50, 52]",32,914.0,2
,"[11, 36, 39, 46, 54, 57]",50,359.0,7
,"[2, 5, 10, 23, 29, 53]",38,974.0,2
,"[10, 12, 20, 21, 26, 32]",3,808.0,6
,"[2, 7, 11, 22, 31, 46]",58,415.0,1
,"[1, 4, 8, 18, 27, 49]",41,755.0,5
,"[5, 9, 24, 34, 43, 51]",14,442.0,1
,"[2, 4, 6, 42, 51, 54]",37,180.0,4
,"[3, 12, 27, 29, 36, 44]",42,2.0,6
,"[3, 12, 27, 29, 36, 44]",42,0.0,2
,"[16, 25, 29, 34, 43, 49]",59,612.0,0
,"[4, 12, 27, 44, 47, 51]",43,816.0,4
,"[19, 26, 37, 43, 49, 57]",35,526.0,0
,"[12, 13, 18, 30, 50, 53]",25,804.0,2
,"[3, 17, 19, 37, 42, 56]",41,369.0,1
,"[2, 7, 12, 26, 31, 39]",32,262.0,1
,"[3, 12, 27, 29, 36, 44]",42,0.0,4
,"[3, 7, 8, 15, 35, 37]",57,185.0,5
,"[3, 7, 10, 36, 39, 43]",17,191.0,0
,"[1, 3, 19, 25, 26, 42]",12,684.0,4
,"[1, 25, 31, 33, 39, 40]",48,812.0,3
,"[10, 19, 35, 37, 58, 59]",31,83.0,1
,"[21, 24, 26, 38, 53, 58]",4,519.0,1
,"[3, 12, 27, 29, 36, 44]",42,744.0,4
,"[3, 17, 19, 37, 42, 56]",41,119.0,0
,"[5, 17, 25, 29, 49, 59]",31,380.0,1
,"[3, 22, 34, 40, 42, 44]",12,536.0,4
,"[12, 13, 16, 22, 23, 56]",25,945.0,5
,"[11, 18, 20, 29, 39, 45]",15,218.0,1
,"[5, 7, 13, 15, 17, 59]",30,430.0,6
,"[5, 19, 38, 47, 51, 57]",53,319.0,3
,"[10, 11, 47, 50, 53, 59]",12,928.0,2
,"[2, 4, 40, 46, 48, 56]",8,128.0,1
,"[13, 34, 37, 43, 49, 51]",18,711.0,7
,"[2, 7, 11, 22, 31, 46]",58,324.0,4
,"[18, 22, 34, 45, 53, 58]",5,482.0,7
,"[1, 4, 12, 34, 46, 53]",13,398.0,3
,"[4, 18, 22, 28, 32, 39]",29,178.0,6
,"[5, 20, 37, 44, 52, 58]",1,61.0,0
,"[24, 28, 34, 40, 42, 58]",51,55.0,5
,"[16, 25, 29, 34, 43, 49]",59,952.0,4
,"[2, 6, 32, 40, 51, 54]",14,756.0,2
,"[10, 22, 28, 29, 51, 53]",47,998.0,2
,"[2, 28, 29, 34, 47, 52]",50,368.0,8
,"[10, 15, 23, 31, 51, 57]",11,424.0,2
,"[9, 15, 17, 31, 50, 54]",36,728.0,4
,"[16, 23, 42, 48, 50, 51]",38,341.0,0
,"[5, 19, 22, 35, 40, 54]",2,223.0,3
,"[1, 19, 21, 22, 45, 58]",29,546.0,2
,"[11, 28, 39, 51, 55, 59]",24,525.0,3
,"[3, 6, 17, 26, 39, 43]",30,328.0,1
,"[9, 10, 28, 29, 41, 58]",47,111.0,3
,"[2, 10, 15, 27, 46, 58]",21,468.0,0
,"[4, 15, 18, 22, 30, 53]",19,376.0,8
,"[2, 15, 17, 27, 34, 52]",32,782.0,3
,"[4, 12, 16, 31, 40, 54]",3,878.0,2
,"[1, 4, 21, 37, 49, 51]",36,154.0,0
,"[7, 38, 48, 53, 54, 56]",47,206.0,2
,"[1, 13, 24, 44, 48, 56]",38,678.0,2
,"[2, 17, 21, 41, 51, 52]",42,958.0,1
,"[1, 5, 14, 18, 41, 57]",30,801.0,1
,"[3, 12, 27, 29, 36, 44]",42,0.0,4
,"[13, 40, 42, 45, 46, 49]",32,853.0,1
,"[25, 30, 51, 53, 57, 59]",9,358.0,1
,"[5, 8, 24, 48, 52, 56]",4,384.0,2
,"[13, 40, 42, 45, 46, 49]",32,184.0,4
,"[1, 5, 24, 28, 33, 51]",27,576.0,1
,"[2, 12, 19, 36, 44, 58]",28,564.0,2
,"[1, 7, 8, 31, 38, 43]",54,136.0,4
,"[13, 31, 37, 42, 43, 57]",38,746.0,3
,"[8, 9, 33, 46, 57, 59]",4,115.0,5
,"[2, 4, 8, 17, 39, 43]",57,350.0,7
,"[2, 24, 36, 37, 38, 50]",19,881.0,0
,"[2, 19, 26, 29, 39, 41]",13,583.0,11
,"[12, 20, 25, 36, 42, 44]",22,264.0,2
,"[11, 15, 21, 48, 50, 55]",23,623.0,1
,"[9, 16, 19, 21, 47, 52]",1,446.0,2
,"[3, 12, 27, 29, 36, 44]",42,0.0,2
,"[1, 7, 22, 26, 31, 52]",49,464.0,3
,"[3, 12, 27, 29, 36, 44]",42,0.0,4
,"[18, 22, 34, 45, 53, 58]",5,460.0,2
,"[3, 12, 27, 29, 36, 44]",42,2.0,3
,"[8, 10, 13, 23, 55, 59]",28,549.0,3
,"[3, 12, 27, 29, 36, 44]",42,0.0,16
,"[8, 21, 34, 36, 48, 56]",33,396.0,4
,"[9, 16, 25, 40, 43, 56]",17,953.0,1
,"[1, 4, 29, 30, 37, 42]",11,678.0,2
,"[3, 13, 15, 30, 51, 56]",5,100.0,2
,"[8, 15, 27, 38, 49, 58]",3,865.0,0
,"[1, 3, 14, 29, 30, 45]",19,730.0,10
,"[1, 11, 25, 37, 46, 53]",29,78.0,0
,"[10, 22, 45, 51, 54, 56]",43,302.0,1
,"[12, 20, 25, 36, 42, 44]",22,486.0,2
,"[32, 40, 43, 47, 49, 53]",52,456.0,2
,"[13, 14, 18, 29, 46, 59]",19,241.0,1
,"[8, 11, 13, 14, 36, 53]",23,822.0,2
,"[10, 16, 22, 25, 28, 38]",50,236.0,2
,"[3, 12, 27, 29, 36, 44]",42,4.0,6
,"[12, 17, 38, 44, 56, 58]",50,842.0,2
,"[22, 35, 39, 49, 53, 57]",20,320.0,5
,"[6, 10, 26, 42, 52, 56]",41,175.0,5
,"[2, 23, 31, 32, 34, 35]",28,198.0,6
,"[19, 28, 34, 40, 47, 59]",27,984.0,2
,"[20, 22, 39, 41, 43, 44]",18,826.0,46
,"[4, 15, 32, 34, 44, 50]",52,955.0,7
,"[10, 14, 20, 21, 29, 35]",23,79.0,3
,"[8, 15, 27, 38, 49, 58]",3,538.0,2
,"[3, 23, 24, 27, 49, 51]",2,765.0,5
,"[11, 29, 30, 45, 49, 56]",50,498.0,0
,"[2, 13, 15, 18, 35, 42]",27,785.0,1
,"[14, 21, 27, 35, 48, 54]",3,164.0,2
,"[3, 4, 28, 45, 52, 59]",44,918.0,3
,"[5, 6, 7, 12, 27, 49]",55,783.0,0
,"[16, 25, 29, 31, 34, 41]",3,320.0,4
,"[4, 5, 13, 38, 51, 54]",40,88.0,2
,"[6, 21, 24, 25, 26, 35]",7,480.0,5
,"[2, 17, 34, 35, 36, 58]",15,312.0,3
,"[4, 12, 27, 44, 47, 51]",43,390.0,5
,"[15, 22, 24, 34, 47, 48]",37,720.0,8
,"[3, 12, 27, 29, 36, 44]",42,0.0,8
,"[22, 37, 46, 53, 56, 57]",25,725.0,1
,"[8, 12, 17, 22, 37, 44]",33,85.0,5
,"[9, 21, 34, 39, 50, 52]",32,742.0,6
,"[29, 39, 44, 46, 50, 57]",38,387.0,1
,"[1, 6, 7, 44, 45, 49]",51,226.0,6
,"[16, 21, 24, 42, 53, 56]",33,214.0,2
,"[13, 15, 25, 30, 34, 39]",56,606.0,1
,"[15, 24, 30, 31, 38, 44]",34,713.0,1
,"[5, 16, 17, 23, 28, 58]",57,796.0,4
,"[2, 20, 24, 30, 45, 53]",50,788.0,2
,"[22, 39, 40, 42, 46, 52]",44,588.0,3
,"[22, 31, 34, 45, 54, 59]",57,717.0,3
,"[1, 8, 17, 19, 29, 44]",33,472.0,0
,"[1, 2, 10, 13, 22, 54]",41,860.0,5
,"[1, 5, 14, 15, 43, 46]",19,692.0,4
,"[2, 10, 15, 27, 46, 58]",21,209.0,3
,"[18, 29, 37, 38, 51, 58]",59,44.0,2
,"[11, 15, 24, 32, 34, 54]",49,165.0,0
,"[10, 13, 16, 17, 21, 38]",27,736.0,3
,"[8, 15, 27, 38, 49, 58]",3,601.0,11
,"[5, 6, 8, 10, 21, 23]",44,221.0,3
,"[18, 29, 33, 40, 46, 50]",10,811.0,1
,"[23, 24, 25, 34, 54, 56]",58,142.0,2
,"[1, 17, 22, 29, 31, 43]",35,250.0,5
,"[18, 29, 33, 40, 46, 50]",10,436.0,2
,"[10, 19, 29, 32, 36, 39]",5,672.0,6
,"[13, 25, 37, 40, 45, 47]",21,720.0,5
,"[5, 18, 25, 31, 33, 58]",28,414.0,1
,"[9, 10, 26, 38, 48, 57]",33,888.0,1
,"[18, 25, 32, 35, 47, 53]",37,764.0,2
,"[11, 29, 30, 45, 49, 56]",50,785.0,5
,"[5, 9, 30, 52, 56, 59]",51,834.0,2
,"[1, 13, 22, 27, 37, 55]",30,728.0,2
,"[22, 28, 29, 33, 34, 57]",5,51.0,1
,"[4, 13, 16, 19, 51, 58]",6,464.0,0
,"[8, 24, 25, 31, 38, 51]",21,0.0,0
,"[3, 12, 27, 29, 36, 44]",42,0.0,0
,"[1, 6, 10, 14, 28, 40]",34,879.0,0
,"[3, 12, 27, 29, 36, 44]",42,0.0,0
,"[8, 24, 25, 31, 38, 51]",21,0.0,1
,"[3, 31, 39, 44, 58, 59]",29,784.0,2
,"[11, 18, 25, 29, 30, 35]",56,513.0,0
,"[3, 12, 27, 29, 36, 44]",42,0.0,0
,"[13, 22, 45, 52, 53, 59]",20,594.0,0
,"[25, 30, 39, 42, 43, 52]",58,78.0,0
,"[5, 14, 21, 32, 34, 54]",43,72.0,0
,"[6, 28, 33, 47, 50, 55]",29,80.0,0
,"[3, 15, 34, 41, 47, 56]",23,919.0,0
,"[3, 12, 27, 29, 36, 44]",42,0.0,0
,"[3, 12, 27, 29, 36, 44]",42,0.0,0
,"[26, 27, 43, 49, 58, 59]",44,180.0,0
,"[24, 36, 45, 46, 53, 55]",32,85.0,0
,"[1, 12, 13, 14, 34, 51]",54,170.0,0
,"[5, 16, 17, 23, 35, 36]",37,754.0,0
,"[7, 8, 17, 25, 32, 53]",41,582.0,0
,"[8, 24, 25, 31, 38, 51]",21,0.0,0
,"[20, 22, 27, 36, 51, 58]",9,243.0,1
,"[7, 15, 19, 32, 45, 46]",55,131.0,0
,"[11, 34, 45, 48, 51, 54]",42,910.0,0
,"[13, 22, 45, 52, 53, 59]",20,838.0,0
,"[3, 12, 27, 29, 36, 44]",42,0.0,0
,"[5, 24, 37, 42, 43, 52]",49,937.0,0
,"[24, 36, 45, 46, 53, 55]",32,696.0,0
,"[22, 26, 29, 39, 45, 52]",56,684.0,0
,"[19, 38, 41, 51, 54, 58]",24,435.0,0
,"[1, 13, 16, 32, 41, 53]",47,990.0,0
,"[3, 12, 27, 29, 36, 44]",42,0.0,0
,"[3, 12, 27, 29, 36, 44]",42,0.0,0
,"[10, 11, 47, 50, 53, 59]",12,705.0,0
,"[6, 28, 35, 43, 48, 54]",3,906.0,0
,"[8, 20, 23, 26, 27, 37]",38,218.0,0
,"[1, 5, 24, 28, 33, 51]",27,224.0,0
,"[3, 12, 27, 29, 36, 44]",42,0.0,0
,"[9, 21, 34, 39, 50, 52]",32,647.0,1
,"[2, 20, 44, 49, 51, 56]",38,920.0,0
,"[1, 8, 19, 32, 40, 50]",6,766.0,0
,"[14, 18, 21, 30, 34, 35]",45,936.0,0
,"[8, 24, 25, 31, 38, 51]",21,0.0,0
,"[15, 22, 24, 34, 47, 48]",37,353.0,1
,"[8, 24, 25, 31, 38, 51]",21,0.0,0
,"[3, 12, 27, 29, 36, 44]",42,0.0,1
,"[12, 14, 25, 35, 47, 52]",46,676.0,0
,"[2, 17, 24, 29, 37, 57]",26,155.0,0
,"[4, 9, 40, 42, 45, 54]",34,573.0,0
,"[6, 8, 13, 22, 29, 45]",20,577.0,0
,"[10, 25, 48, 50, 51, 58]",11,461.0,0
,"[3, 12, 27, 29, 36, 44]",42,0.0,0
,"[3, 12, 27, 29, 36, 44]",42,0.0,2
,"[7, 23, 30, 35, 39, 46]",10,635.0,0
,"[1, 6, 24, 36, 54, 56]",57,695.0,0
,"[4, 5, 13, 38, 51, 54]",40,423.0,0
,"[13, 33, 35, 38, 41, 43]",31,444.0,0
,"[23, 38, 40, 48, 50, 55]",9,518.0,0
,"[8, 24, 25, 31, 38, 51]",21,0.0,0
,"[3, 12, 27, 29, 36, 44]",42,0.0,1
,"[23, 35, 48, 50, 53, 55]",34,179.0,1
,"[5, 7, 19, 25, 33, 59]",24,552.0,0
,"[1, 5, 15, 31, 40, 56]",51,92.0,0
,"[3, 12, 27, 29, 36, 44]",42,0.0,0
,"[20, 26, 34, 40, 41, 48]",10,734.0,1
,"[14, 40, 43, 44, 47, 57]",56,588.0,0
,"[2, 22, 23, 26, 45, 57]",29,234.0,0
,"[5, 13, 29, 40, 44, 52]",2,15.0,0
,"[8, 24, 25, 31, 38, 51]",21,0.0,0
,"[3, 14, 20, 47, 56, 58]",44,648.0,0
,"[8, 10, 21, 39, 48, 49]",31,194.0,0
,"[22, 37, 46, 53, 56, 57]",25,216.0,0
,"[1, 25, 31, 33, 39, 40]",48,533.0,0
,"[2, 4, 29, 32, 47, 49]",22,166.0,0
,"[8, 24, 25, 31, 38, 51]",21,0.0,0
,"[5, 18, 36, 38, 53, 55]",56,36.0,0
,"[6, 14, 20, 21, 34, 41]",29,907.0,0
,"[14, 15, 26, 27, 39, 52]",28,599.0,0
,"[18, 22, 34, 45, 53, 58]",5,904.0,0
,"[12, 28, 38, 40, 57, 59]",1,167.0,0
,"[8, 24, 25, 31, 38, 51]",21,0.0,0
,"[3, 12, 27, 29, 36, 44]",42,0.0,2
,"[1, 10, 14, 21, 28, 48]",32,783.0,1
,"[3, 12, 27, 29, 36, 44]",42,0.0,0
,"[5, 24, 25, 37, 52, 54]",51,1.0,0
,"[26, 28, 33, 36, 48, 56]",22,390.0,0
,"[5, 7, 9, 19, 27, 39]",36,623.0,0
,"[15, 23, 27, 29, 45, 47]",48,3.0,0
,"[6, 15, 17, 37, 38, 54]",49,400.0,0
,"[3, 12, 27, 29, 36, 44]",42,0.0,0
,"[8, 24, 25, 31, 38, 51]",21,0.0,1
,"[1, 13, 16, 32, 41, 53]",47,768.0,1
,"[8, 24, 25, 31, 38, 51]",21,0.0,0
,"[3, 12, 27, 29, 36, 44]",42,0.0,1
,"[5, 8, 10, 22, 42, 45]",11,206.0,0
,"[1, 5, 15, 31, 40, 56]",51,157.0,0
,"[32, 37, 39, 41, 46, 55]",58,456.0,0
,"[7, 21, 32, 33, 41, 55]",31,30.0,0
,"[15, 23, 43, 44, 53, 54]",58,416.0,0
,"[3, 12, 27, 29, 36, 44]",42,0.0,0
,"[7, 14, 16, 21, 51, 55]",23,823.0,1
,"[6, 14, 20, 21, 34, 41]",29,359.0,0
,"[8, 24, 25, 31, 38, 51]",21,0.0,0
,"[5, 12, 16, 42, 45, 47]",19,793.0,1
,"[3, 12, 27, 29, 36, 44]",42,0.0,0
,"[3, 12, 27, 29, 36, 44]",42,0.0,0
,"[4, 15, 21, 27, 46, 56]",49,566.0,0
,"[16, 21, 24, 42, 53, 56]",33,78.0,0
,"[3, 12, 27, 29, 36, 44]",42,0.0,0
,"[6, 35, 40, 42, 45, 55]",34,275.0,0
,"[8, 15, 27, 38, 49, 58]",3,615.0,0
,"[1, 7, 22, 26, 31, 52]",49,238.0,0
,"[12, 19, 25, 39, 42, 44]",23,290.0,0
,"[15, 17, 21, 23, 25, 42]",47,362.0,0
,"[3, 12, 27, 29, 36, 44]",42,0.0,0
,"[6, 10, 11, 12, 43, 56]",53,102.0,1
,"[3, 12, 27, 29, 36, 44]",42,0.0,0
,"[2, 22, 23, 26, 45, 57]",29,869.0,1
,"[3, 12, 27, 29, 36, 44]",42,0.0,0
,"[3, 12, 27, 29, 36, 44]",42,0.0,0
,"[3, 12, 27, 29, 36, 44]",42,0.0,0
,"[1, 6, 14, 35, 46, 54]",9,269.0,1
,"[10, 12, 17, 22, 53, 54]",2,754.0,0
,"[1, 11, 22, 42, 49, 58]",50,148.0,0
,"[1, 27, 32, 34, 45, 48]",14,865.0,0
,"[8, 24, 25, 31, 38, 51]",21,0.0,0
,"[3, 12, 27, 29, 36, 44]",42,0.0,1
,"[2, 5, 22, 31, 47, 48]",41,281.0,0
,"[4, 5, 9, 20, 31, 32]",49,462.0,0
,"[5, 16, 17, 23, 28, 58]",57,60.0,0
,"[2, 4, 6, 42, 51, 54]",37,436.0,0
,"[2, 9, 10, 15, 25, 53]",54,514.0,0
,"[3, 12, 27, 29, 36, 44]",42,0.0,0
,"[3, 12, 27, 29, 36, 44]",42,0.0,0
,"[10, 42, 44, 51, 58, 59]",55,627.0,0
,"[9, 26, 33, 38, 50, 58]",30,277.0,0
,"[3, 12, 27, 29, 36, 44]",42,0.0,0
,"[3, 12, 27, 29, 36, 44]",42,0.0,0
,"[9, 26, 33, 38, 50, 58]",30,487.0,0
,"[22, 23, 27, 41, 48, 56]",28,828.0,0
,"[13, 38, 42, 50, 52, 55]",7,64.0,0
,"[14, 15, 26, 27, 39, 52]",28,448.0,0
,"[3, 12, 27, 29, 36, 44]",42,0.0,0
,"[4, 13, 17, 31, 53, 55]",19,532.0,1
,"[7, 11, 21, 36, 39, 56]",15,804.0,0
,"[11, 25, 44, 46, 47, 57]",43,979.0,0
,"[4, 24, 32, 39, 48, 54]",41,495.0,0
,"[8, 24, 25, 31, 38, 51]",21,0.0,0
,"[6, 10, 14, 17, 25, 48]",52,779.0,1
,"[8, 24, 25, 31, 38, 51]",21,0.0,0
,"[3, 12, 27, 29, 36, 44]",42,0.0,1
,"[3, 12, 27, 29, 36, 44]",42,0.0,0
,"[1, 10, 29, 32, 56, 57]",34,792.0,0
,"[8, 24, 25, 31, 38, 51]",21,0.0,0
,"[1, 11, 27, 30, 33, 50]",39,760.0,1
,"[10, 16, 22, 25, 28, 38]",50,0.0,0
,"[12, 32, 34, 45, 55, 58]",22,593.0,0
,"[5, 8, 24, 48, 52, 56]",4,945.0,0
,"[2, 5, 12, 15, 38, 50]",56,416.0,0
,"[8, 24, 25, 31, 38, 51]",21,0.0,0
,"[3, 12, 27, 29, 36, 44]",42,0.0,1
,"[11, 17, 22, 41, 49, 54]",4,646.0,0
,"[10, 13, 17, 22, 31, 33]",20,194.0,0
,"[21, 22, 28, 36, 52, 58]",17,908.0,0
,"[5, 39, 41, 45, 48, 56]",13,597.0,0
,"[7, 11, 14, 17, 18, 20]",56,870.0,0
,"[3, 12, 27, 29, 36, 44]",42,0.0,0
,"[3, 12, 27, 29, 36, 44]",42,0.0,0
,"[3, 12, 27, 29, 36, 44]",42,0.0,0
,"[16, 23, 24, 42, 49, 57]",25,599.0,0
,"[8, 9, 10, 47, 53, 58]",32,521.0,0
,"[3, 26, 44, 47, 55, 56]",19,400.0,0
,"[22, 24, 26, 35, 39, 50]",49,372.0,0
,"[16, 17, 28, 32, 34, 58]",11,425.0,0
,"[3, 12, 27, 29, 36, 44]",42,0.0,0
,"[4, 18, 31, 32, 38, 54]",25,332.0,0
,"[2, 20, 27, 29, 50, 55]",19,773.0,0
,"[19, 26, 37, 43, 49, 57]",35,79.0,0
,"[4, 5, 8, 20, 36, 40]",34,498.0,0
,"[11, 15, 21, 48, 50, 55]",23,869.0,0
,"[3, 12, 27, 29, 36, 44]",42,0.0,0
,"[13, 18, 21, 38, 41, 58]",42,601.0,1
,"[6, 35, 40, 42, 45, 55]",34,965.0,0
,"[6, 10, 36, 44, 52, 59]",35,876.0,0
,"[1, 12, 13, 14, 34, 51]",54,601.0,0
,"[13, 33, 35, 38, 41, 43]",31,18.0,0
,"[3, 12, 27, 29, 36, 44]",42,0.0,0
,"[6, 13, 14, 30, 33, 47]",51,826.0,1
,"[3, 12, 27, 29, 36, 44]",42,0.0,0
,"[3, 12, 27, 29, 36, 44]",42,0.0,0
,"[4, 13, 16, 19, 51, 58]",6,564.0,0
,"[8, 24, 25, 31, 38, 51]",21,0.0,0
,"[6, 7, 22, 40, 51, 54]",19,714.0,0
,"[6, 28, 35, 43, 48, 54]",3,517.0,0
,"[1, 4, 5, 8, 11, 27]",35,812.0,0
,"[2, 4, 5, 11, 12, 52]",36,411.0,0
,"[3, 9, 23, 33, 46, 57]",54,620.0,0
,"[8, 24, 25, 31, 38, 51]",21,0.0,0
,"[18, 29, 34, 37, 43, 55]",2,584.0,0
,"[16, 25, 29, 31, 34, 41]",3,710.0,0
,"[4, 25, 35, 45, 48, 49]",58,580.0,0
,"[7, 11, 25, 28, 39, 58]",5,457.0,0
,"[2, 27, 30, 31, 35, 44]",6,502.0,0
,"[8, 24, 25, 31, 38, 51]",21,0.0,0
,"[3, 12, 27, 29, 36, 44]",42,0.0,1
,"[3, 12, 27, 29, 36, 44]",42,0.0,1
,"[1, 9, 18, 25, 44, 57]",42,72.0,0
,"[8, 10, 21, 39, 48, 49]",31,975.0,0
,"[3, 12, 27, 29, 36, 44]",42,0.0,0
,"[3, 12, 27, 29, 36, 44]",42,0.0,0
,"[3, 12, 27, 29, 36, 44]",42,0.0,0
,"[3, 12, 27, 29, 36, 44]",42,0.0,0
,"[6, 9, 10, 25, 36, 49]",17,636.0,0
,"[8, 12, 25, 36, 47, 50]",10,77.0,0
,"[2, 23, 24, 39, 43, 44]",30,398.0,0
,"[21, 31, 33, 34, 50, 53]",49,728.0,0
,"[2, 5, 7, 13, 41, 56]",3,177.0,0
,"[3, 12, 27, 29, 36, 44]",42,0.0,0
,"[5, 18, 21, 36, 44, 46]",12,49.0,1
,"[27, 33, 35, 49, 52, 58]",34,460.0,0
,"[4, 11, 22, 36, 45, 56]",15,616.0,0
,"[3, 12, 27, 29, 36, 44]",42,0.0,0
,"[1, 25, 31, 33, 39, 40]",48,571.0,1
,"[3, 12, 27, 29, 36, 44]",42,0.0,0
,"[8, 24, 25, 31, 38, 51]",21,0.0,1
,"[5, 15, 22, 28, 36, 43]",19,486.0,1
,"[6, 29, 30, 37, 48, 56]",23,851.0,0
,"[4, 29, 32, 38, 47, 59]",5,32.0,0
,"[14, 16, 18, 39, 41, 57]",9,188.0,0
,"[14, 15, 26, 27, 39, 52]",28,332.0,0
,"[8, 24, 25, 31, 38, 51]",21,0.0,0
,"[3, 12, 27, 29, 36, 44]",42,0.0,1
,"[7, 9, 16, 30, 45, 47]",28,171.0,1
,"[3, 12, 27, 29, 36, 44]",42,0.0,0
,"[3, 12, 27, 29, 36, 44]",42,0.0,0
,"[8, 13, 26, 38, 48, 55]",15,357.0,1
,"[8, 24, 25, 31, 38, 51]",21,0.0,0
,"[5, 13, 14, 17, 25, 29]",23,697.0,1
,"[5, 24, 25, 38, 40, 52]",1,781.0,0
,"[3, 12, 27, 29, 36, 44]",42,0.0,0
,"[3, 4, 35, 51, 52, 56]",33,875.0,1
,"[8, 9, 15, 23, 46, 48]",58,613.0,0
,"[8, 24, 25, 31, 38, 51]",21,0.0,0
,"[3, 13, 15, 30, 51, 56]",5,799.0,0
,"[8, 10, 22, 25, 33, 42]",23,432.0,0
,"[16, 26, 35, 48, 56, 58]",31,531.0,0
,"[10, 32, 36, 52, 53, 57]",2,865.0,0
,"[1, 10, 14, 21, 28, 48]",32,577.0,0
,"[8, 24, 25, 31, 38, 51]",21,0.0,0
,"[3, 12, 27, 29, 36, 44]",42,0.0,1
,"[3, 12, 27, 29, 36, 44]",42,0.0,1
,"[15, 17, 34, 37, 38, 59]",51,513.0,0
,"[2, 5, 10, 23, 29, 53]",38,42.0,0
,"[14, 27, 29, 31, 32, 38]",52,878.0,0
,"[5, 8, 17, 40, 52, 55]",41,60.0,0
,"[3, 12, 27, 29, 36, 44]",42,0.0,0
,"[9, 11, 24, 25, 38, 49]",55,37.0,0
,"[3, 22, 34, 40, 42, 44]",12,325.0,0
,"[2, 28, 29, 34, 47, 52]",50,782.0,0
,"[3, 7, 10, 36, 39, 43]",17,793.0,0
,"[11, 18, 21, 32, 45, 47]",38,421.0,0
,"[3, 12, 27, 29, 36, 44]",42,0.0,0
,"[3, 26, 44, 47, 55, 56]",19,89.0,1
,"[3, 12, 27, 29, 36, 44]",42,0.0,0
,"[1, 3, 9, 27, 33, 38]",4,150.0,1
,"[3, 7, 13, 20, 30, 45]",37,297.0,0
,"[6, 10, 11, 12, 43, 56]",53,408.0,0
,"[3, 12, 27, 29, 36, 44]",42,0.0,0
,"[3, 12, 27, 29, 36, 44]",42,0.0,1
,"[3, 12, 27, 29, 36, 44]",42,0.0,0
,"[8, 24, 25, 31, 38, 51]",21,0.0,1
,"[11, 17, 30, 32, 42, 45]",19,335.0,1
,"[8, 11, 25, 36, 47, 48]",1,782.0,0
,"[4, 7, 16, 20, 33, 41]",24,480.0,0
,"[8, 24, 25, 31, 38, 51]",21,0.0,0
,"[9, 15, 30, 31, 41, 47]",24,92.0,1
,"[12, 13, 18, 19, 41, 55]",5,907.0,0
,"[9, 12, 13, 21, 33, 42]",36,668.0,0
,"[8, 24, 25, 31, 38, 51]",21,0.0,0
,"[8, 9, 21, 39, 42, 57]",44,949.0,1
,"[12, 23, 24, 36, 47, 58]",46,555.0,0
,"[3, 8, 15, 26, 51, 54]",30,487.0,0
,"[8, 24, 25, 31, 38, 51]",21,0.0,0
,"[2, 7, 12, 26, 31, 39]",32,727.0,1
,"[7, 9, 16, 30, 45, 47]",28,737.0,0
,"[3, 12, 27, 29, 36, 44]",42,0.0,0
,"[1, 2, 13, 31, 40, 53]",8,558.0,0
,"[7, 17, 19, 31, 34, 53]",33,842.0,0
,"[7, 8, 13, 23, 25, 31]",35,306.0,0
,"[12, 15, 16, 35, 53, 59]",29,985.0,0
,"[6, 27, 37, 40, 50, 57]",43,45.0,0
,"[3, 12, 27, 29, 36, 44]",42,0.0,0
,"[1, 17, 18, 27, 33, 52]",10,150.0,2
,"[3, 12, 27, 29, 36, 44]",42,0.0,0
,"[3, 12, 27, 29, 36, 44]",42,0.0,0
,"[3, 12, 27, 29, 36, 44]",42,0.0,0
,"[6, 29, 30, 37, 48, 56]",23,605.0,0
,"[3, 8, 15, 26, 51, 54]",30,342.0,0
,"[11, 17, 30, 32, 42, 45]",19,468.0,0
,"[1, 3, 6, 7, 58, 59]",4,920.0,0
,"[8, 9, 15, 23, 46, 48]",58,142.0,0
,"[3, 12, 27, 29, 36, 44]",42,0.0,0
,"[6, 7, 19, 25, 29, 35]",24,859.0,0
,"[1, 6, 10, 14, 28, 40]",34,892.0,0
,"[2, 5, 10, 23, 29, 53]",38,322.0,0
,"[15, 33, 36, 37, 43, 54]",31,68.0,0
,"[37, 38, 39, 40, 49, 57]",30,582.0,0
,"[3, 12, 27, 29, 36, 44]",42,0.0,0
,"[8, 13, 26, 38, 48, 55]",15,921.0,0
,"[21, 34, 35, 45, 50, 55]",18,761.0,0
,"[5, 33, 34, 42, 49, 52]",41,811.0,0
,"[2, 14, 27, 44, 56, 59]",41,411.0,0
,"[8, 18, 20, 29, 46, 58]",54,355.0,0
,"[3, 12, 27, 29, 36, 44]",42,0.0,0
,"[3, 12, 27, 29, 36, 44]",42,0.0,1
,"[3, 12, 27, 29, 36, 44]",42,0.0,1
,"[3, 12, 27, 29, 36, 44]",42,0.0,0
,"[8, 24, 25, 31, 38, 51]",21,0.0,1
,"[8, 15, 27, 38, 49, 58]",3,101.0,1
,"[20, 32, 46, 49, 54, 57]",14,323.0,0
,"[5, 10, 24, 33, 43, 44]",25,810.0,0
,"[3, 8, 19, 21, 41, 50]",16,56.0,0
,"[4, 18, 31, 32, 38, 54]",25,371.0,0
,"[8, 24, 25, 31, 38, 51]",21,0.0,0
,"[1, 4, 9, 14, 34, 55]",31,272.0,0
,"[5, 17, 18, 22, 35, 56]",43,389.0,0
,"[11, 38, 41, 44, 53, 57]",39,673.0,0
,"[4, 24, 32, 39, 48, 54]",41,445.0,0
,"[6, 10, 11, 12, 43, 56]",53,741.0,0
,"[8, 24, 25, 31, 38, 51]",21,0.0,0
,"[3, 17, 34, 38, 42, 53]",22,232.0,0
,"[34, 37, 38, 55, 56, 58]",7,968.0,0
,"[11, 19, 37, 46, 56, 57]",59,269.0,0
,"[1, 17, 18, 27, 33, 52]",10,41.0,0
,"[7, 13, 31, 38, 50, 57]",4,531.0,0
,"[8, 24, 25, 31, 38, 51]",21,0.0,0
,"[3, 12, 27, 29, 36, 44]",42,0.0,1
,"[4, 10, 13, 20, 37, 43]",51,329.0,1
,"[3, 12, 27, 29, 36, 44]",42,0.0,0
,"[8, 24, 25, 31, 38, 51]",21,0.0,1
,"[14, 16, 29, 32, 40, 46]",10,28.0,1
,"[3, 35, 36, 40, 48, 50]",59,306.0,0
,"[3, 12, 27, 29, 36, 44]",42,0.0,0
,"[2, 28, 29, 34, 47, 52]",50,399.0,1
,"[4, 15, 28, 36, 40, 48]",50,228.0,0
,"[15, 17, 21, 23, 25, 42]",47,491.0,0
,"[3, 12, 27, 29, 36, 44]",42,0.0,0
,"[3, 12, 27, 29, 36, 44]",42,0.0,0
,"[2, 9, 10, 15, 25, 53]",54,828.0,0
,"[8, 24, 25, 31, 38, 51]",21,0.0,0
,"[5, 13, 30, 42, 55, 58]",20,856.0,1
,"[8, 24, 25, 31, 38, 51]",21,0.0,0
,"[3, 12, 27, 29, 36, 44]",42,0.0,1
,"[5, 18, 25, 31, 33, 58]",28,266.0,0
,"[1, 8, 19, 32, 40, 50]",6,739.0,0
,"[3, 4, 15, 25, 57, 59]",54,455.0,0
,"[2, 24, 36, 37, 38, 50]",19,374.0,0
,"[5, 10, 12, 14, 43, 56]",17,923.0,0
,"[3, 12, 27, 29, 36, 44]",42,0.0,0
,"[1, 2, 6, 12, 15, 59]",32,861.0,1
,"[20, 32, 35, 43, 52, 56]",4,764.0,0
,"[2, 10, 24, 29, 44, 53]",35,789.0,0
,"[19, 23, 24, 25, 42, 54]",44,637.0,0
,"[8, 9, 15, 23, 46, 48]",58,735.0,0
,"[3, 12, 27, 29, 36, 44]",42,0.0,0
,"[3, 12, 27, 29, 36, 44]",42,0.0,1
,"[14, 18, 21, 30, 34, 35]",45,417.0,0
,"[8, 24, 25, 31, 38, 51]",21,0.0,0
,"[27, 29, 38, 43, 44, 53]",40,658.0,2
,"[8, 14, 19, 22, 39, 48]",13,174.0,0
,"[22, 35, 39, 49, 53, 57]",20,343.0,0
,"[10, 15, 31, 43, 46, 52]",33,851.0,0
,"[9, 26, 33, 38, 50, 58]",30,455.0,0
,"[8, 24, 25, 31, 38, 51]",21,0.0,0
,"[10, 25, 48, 50, 51, 58]",11,717.0,1
,"[8, 24, 25, 31, 38, 51]",21,0.0,0
,"[5, 13, 21, 25, 29, 57]",51,434.0,2
,"[5, 13, 23, 31, 37, 46]",14,42.0,0
,"[4, 7, 23, 41, 42, 55]",35,510.0,0
,"[8, 14, 28, 30, 56, 58]",17,899.0,0
,"[3, 12, 27, 29, 36, 44]",42,0.0,0
,"[3, 12, 27, 29, 36, 44]",42,0.0,0
,"[3, 12, 27, 29, 36, 44]",42,0.0,0
,"[1, 9, 17, 18, 46, 48]",54,941.0,0
,"[3, 14, 25, 34, 41, 46]",31,240.0,0
,"[5, 9, 29, 46, 48, 51]",33,121.0,0
,"[11, 13, 37, 38, 49, 58]",16,322.0,0
,"[8, 15, 27, 38, 49, 58]",3,997.0,0
,"[3, 12, 27, 29, 36, 44]",42,0.0,0
,"[3, 12, 27, 29, 36, 44]",42,0.0,0
,"[15, 39, 42, 54, 56, 58]",19,577.0,0
,"[22, 26, 29, 39, 45, 52]",56,571.0,0
,"[4, 17, 18, 49, 51, 54]",56,683.0,0
,"[5, 21, 30, 34, 41, 59]",8,564.0,0
,"[3, 12, 27, 29, 36, 44]",42,0.0,0
,"[13, 22, 31, 34, 40, 52]",8,31.0,0
,"[14, 18, 21, 30, 34, 35]",45,449.0,0
,"[22, 23, 27, 41, 48, 56]",28,452.0,0
,"[19, 38, 41, 51, 54, 58]",24,138.0,0
,"[7, 9, 16, 30, 45, 47]",28,45.0,0
,"[3, 12, 27, 29, 36, 44]",42,0.0,0
,"[8, 24, 25, 31, 38, 51]",21,0.0,1
,"[13, 19, 24, 33, 49, 50]",29,349.0,1
,"[2, 4, 29, 32, 47, 49]",22,109.0,0
,"[3, 12, 27, 29, 36, 44]",42,0.0,0
,"[12, 17, 38, 44, 56, 58]",50,134.0,1
,"[2, 3, 6, 22, 28, 30]",36,896.0,0
,"[12, 20, 23, 33, 35, 57]",29,733.0,0
,"[3, 12, 27, 29, 36, 44]",42,0.0,0
,"[14, 15, 26, 27, 39, 52]",28,398.0,2
,"[5, 7, 9, 16, 24, 45]",17,779.0,0
,"[18, 25, 38, 42, 47, 50]",40,105.0,0
,"[11, 15, 18, 27, 32, 58]",24,437.0,0
,"[5, 7, 25, 26, 29, 58]",52,418.0,0
,"[3, 12, 27, 29, 36, 44]",42,0.0,0
,"[21, 25, 28, 34, 52, 59]",24,682.0,1
,"[3, 12, 27, 29, 36, 44]",42,0.0,0
,"[8, 24, 25, 31, 38, 51]",21,0.0,0
,"[3, 12, 27, 29, 36, 44]",42,0.0,0
,"[8, 12, 13, 29, 55, 59]",42,142.0,0
,"[7, 9, 10, 14, 25, 59]",24,353.0,0
,"[4, 5, 19, 33, 45, 48]",55,775.0,0
,"[3, 12, 27, 29, 36, 44]",42,0.0,0
,"[6, 16, 20, 28, 34, 40]",52,95.0,1
,"[16, 39, 42, 46, 53, 54]",2,513.0,0
,"[11, 15, 28, 34, 39, 58]",14,882.0,0
,"[3, 12, 27, 29, 36, 44]",42,0.0,0
,"[2, 3, 23, 27, 47, 58]",24,62.0,1
,"[3, 17, 19, 44, 52, 59]",29,691.0,0
,"[6, 10, 11, 12, 43, 56]",53,427.0,0
,"[3, 12, 27, 29, 36, 44]",42,0.0,0
,"[3, 12, 27, 29, 36, 44]",42,0.0,0
,"[18, 29, 37, 38, 51, 58]",59,282.0,2
,"[4, 5, 17, 25, 52, 53]",42,658.0,0
,"[3, 12, 27, 29, 36, 44]",42,0.0,0
,"[5, 7, 9, 28, 49, 51]",54,568.0,1
,"[9, 32, 33, 34, 35, 50]",6,988.0,0
,"[15, 20, 22, 32, 45, 51]",52,249.0,0
,"[3, 12, 27, 29, 36, 44]",42,0.0,0
,"[22, 31, 34, 45, 54, 59]",57,407.0,1
,"[4, 7, 23, 41, 42, 55]",35,124.0,0
,"[3, 8, 15, 26, 51, 54]",30,501.0,0
,"[3, 12, 27, 29, 36, 44]",42,0.0,0
,"[10, 29, 31, 40, 41, 48]",20,63.0,0
,"[7, 9, 10, 12, 14, 17]",41,211.0,0
,"[5, 13, 14, 17, 20, 54]",22,317.0,0
,"[2, 17, 21, 41, 51, 52]",42,313.0,0
,"[1, 4, 5, 8, 11, 27]",35,111.0,0
,"[3, 12, 27, 29, 36, 44]",42,0.0,0
,"[3, 12, 27, 29, 36, 44]",42,0.0,0
,"[11, 30, 31, 34, 35, 36]",37,193.0,1
,"[2, 5, 14, 39, 45, 51]",3,591.0,0
,"[7, 26, 27, 31, 44, 53]",51,930.0,0
,"[9, 16, 18, 32, 45, 48]",56,514.0,0
,"[1, 13, 16, 32, 41, 53]",47,614.0,0
,"[8, 24, 25, 31, 38, 51]",21,0.0,0
,"[4, 12, 15, 38, 43, 50]",11,943.0,1
,"[24, 30, 36, 47, 49, 57]",28,90.0,0
,"[3, 12, 27, 29, 36, 44]",42,0.0,0
,"[3, 12, 27, 29, 36, 44]",42,0.0,0
,"[19, 24, 29, 30, 33, 49]",57,769.0,0
,"[11, 18, 21, 32, 45, 47]",38,501.0,0
,"[3, 12, 27, 29, 36, 44]",42,0.0,0
,"[11, 29, 30, 45, 49, 56]",50,404.0,1
,"[4, 15, 28, 36, 40, 48]",50,627.0,0
,"[6, 10, 11, 12, 43, 56]",53,647.0,0
,"[3, 12, 27, 29, 36, 44]",42,0.0,0
,"[3, 12, 27, 29, 36, 44]",42,0.0,1
,"[3, 12, 27, 29, 36, 44]",42,0.0,0
,"[4, 40, 41, 44, 47, 49]",27,912.0,0
,"[6, 21, 24, 37, 43, 55]",27,560.0,0
,"[16, 23, 28, 31, 45, 46]",32,116.0,0
,"[26, 28, 38, 44, 46, 49]",4,136.0,0
,"[1, 6, 16, 17, 23, 48]",42,857.0,0
,"[3, 12, 27, 29, 36, 44]",42,0.0,0
,"[9, 25, 29, 55, 57, 59]",42,68.0,1
,"[4, 12, 36, 44, 51, 54]",49,924.0,0
,"[22, 25, 40, 43, 45, 46]",12,52.0,0
,"[21, 25, 28, 38, 39, 55]",7,712.0,0
,"[18, 26, 30, 36, 43, 53]",23,17.0,0
,"[3, 12, 27, 29, 36, 44]",42,0.0,0
,"[11, 21, 30, 35, 40, 44]",29,428.0,1
,"[3, 12, 27, 29, 36, 44]",42,0.0,0
,"[3, 12, 27, 29, 36, 44]",42,0.0,0
,"[20, 26, 28, 29, 37, 46]",24,545.0,0
,"[13, 20, 24, 30, 45, 53]",22,270.0,0
,"[5, 9, 29, 46, 48, 51]",33,659.0,0
,"[10, 15, 31, 43, 46, 52]",33,148.0,0
,"[15, 23, 43, 44, 53, 54]",58,64.0,0
,"[8, 24, 25, 31, 38, 51]",21,0.0,0
,"[1, 19, 26, 33, 39, 44]",4,290.0,1
,"[1, 25, 31, 33, 39, 40]",48,444.0,0
,"[3, 12, 27, 29, 36, 44]",42,0.0,0
,"[13, 16, 23, 31, 53, 55]",9,298.0,1
,"[16, 23, 24, 42, 49, 57]",25,739.0,0
,"[6, 14, 20, 21, 34, 41]",29,976.0,0
,"[3, 12, 27, 29, 36, 44]",42,0.0,0
,"[8, 10, 25, 41, 46, 48]",39,564.0,0
,"[14, 19, 29, 39, 48, 59]",56,344.0,0
,"[11, 38, 41, 44, 53, 57]",39,659.0,0
,"[7, 18, 20, 32, 52, 56]",15,171.0,0
,"[2, 8, 11, 15, 42, 44]",52,324.0,0
,"[3, 12, 27, 29, 36, 44]",42,0.0,0
,"[3, 12, 27, 29, 36, 44]",42,0.0,1
,"[24, 27, 30, 32, 36, 38]",3,362.0,0
,"[11, 30, 31, 34, 35, 36]",37,305.0,0
,"[7, 16, 19, 21, 28, 37]",13,354.0,0
,"[1, 6, 10, 14, 28, 40]",34,406.0,0
,"[3, 12, 27, 29, 36, 44]",42,0.0,0
,"[6, 8, 16, 21, 28, 45]",51,763.0,0
,"[9, 16, 18, 32, 45, 48]",56,555.0,0
,"[3, 9, 14, 21, 43, 54]",58,439.0,0
,"[19, 23, 24, 25, 42, 54]",44,667.0,0
,"[21, 25, 34, 52, 55, 58]",20,454.0,0
,"[3, 12, 27, 29, 36, 44]",42,0.0,0
,"[6, 10, 26, 42, 52, 56]",41,432.0,0
,"[5, 10, 22, 27, 32, 51]",34,637.0,0
,"[11, 28, 37, 44, 49, 58]",35,259.0,0
,"[9, 12, 32, 37, 38, 58]",54,949.0,0
,"[3, 4, 35, 51, 52, 56]",33,62.0,0
,"[3, 12, 27, 29, 36, 44]",42,0.0,0
,"[12, 15, 16, 35, 53, 59]",29,269.0,1
,"[3, 17, 19, 44, 52, 59]",29,193.0,0
,"[8, 9, 27, 46, 55, 58]",47,978.0,0
,"[3, 12, 27, 29, 36, 44]",42,0.0,0
,"[1, 9, 11, 14, 16, 31]",39,176.0,1
,"[11, 16, 21, 29, 45, 48]",50,271.0,0
,"[2, 28, 29, 34, 47, 52]",50,273.0,0
,"[1, 21, 22, 33, 54, 55]",40,422.0,0
,"[3, 7, 32, 48, 52, 53]",17,596.0,0
,"[3, 12, 27, 29, 36, 44]",42,0.0,0
,"[8, 24, 25, 31, 38, 51]",21,0.0,2
,"[21, 24, 26, 38, 53, 58]",4,5.0,3
,"[4, 14, 24, 38, 47, 53]",40,470.0,0
,"[3, 12, 27, 29, 36, 44]",42,0.0,0
,"[2, 6, 13, 17, 20, 51]",8,933.0,1
,"[5, 7, 9, 28, 49, 51]",54,596.0,0
,"[15, 23, 43, 44, 53, 54]",58,469.0,0
,"[3, 12, 27, 29, 36, 44]",42,0.0,0
,"[3, 12, 27, 29, 36, 44]",42,0.0,0
,"[2, 12, 24, 27, 32, 56]",17,678.0,0
,"[3, 7, 32, 48, 52, 53]",17,574.0,0
,"[3, 12, 27, 29, 36, 44]",42,0.0,0
,"[5, 13, 21, 25, 29, 57]",51,523.0,1
,"[3, 12, 27, 29, 36, 44]",42,0.0,0
,"[7, 9, 16, 30, 45, 47]",28,571.0,1
,"[3, 12, 27, 29, 36, 44]",42,0.0,0
,"[6, 13, 21, 32, 39, 47]",35,329.0,1
,"[3, 4, 15, 30, 51, 57]",48,783.0,0
,"[1, 6, 24, 36, 54, 56]",57,0.0,0
,"[3, 22, 34, 40, 42, 44]",12,0.0,0
,"[3, 6, 21, 30, 41, 45]",58,0.0,0
,"[3, 26, 44, 47, 55, 56]",19,0.0,0
,"[11, 17, 22, 41, 49, 54]",4,0.0,0
,"[11, 21, 30, 35, 40, 44]",29,0.0,0
,"[13, 17, 23, 26, 28, 36]",10,0.0,0
,"[1, 5, 16, 43, 46, 52]",19,0.0,0
,"[18, 23, 35, 42, 52, 53]",38,0.0,0
,"[1, 12, 19, 25, 46, 54]",22,0.0,0
,"[6, 10, 26, 42, 52, 56]",41,0.0,0
,"[17, 18, 26, 27, 54, 56]",15,0.0,0
,"[12, 14, 23, 40, 41, 45]",56,0.0,0
,"[1, 6, 16, 17, 23, 48]",42,0.0,0
,"[5, 16, 28, 32, 54, 59]",23,0.0,0
,"[4, 13, 18, 22, 45, 48]",50,0.0,0
,"[12, 15, 27, 29, 32, 45]",23,0.0,0
,"[12, 13, 16, 22, 23, 56]",25,0.0,0
,"[26, 27, 43, 49, 58, 59]",44,0.0,0
,"[20, 32, 46, 49, 54, 57]",14,0.0,0
,"[4, 7, 10, 13, 23, 27]",37,0.0,0
,"[3, 5, 31, 34, 53, 54]",12,0.0,0
,"[4, 14, 24, 38, 47, 53]",40,0.0,0
,"[10, 18, 30, 36, 40, 41]",51,0.0,0
,"[4, 5, 17, 25, 52, 53]",42,0.0,0
,"[2, 5, 7, 13, 41, 56]",3,0.0,0
,"[1, 5, 24, 28, 33, 51]",27,0.0,0
,"[18, 26, 30, 36, 43, 53]",23,0.0,0
,"[1, 4, 5, 8, 11, 27]",35,0.0,0
,"[4, 11, 22, 36, 45, 56]",15,0.0,0
,"[8, 29, 36, 47, 49, 51]",48,0.0,0
,"[9, 20, 31, 37, 48, 52]",40,0.0,0
,"[4, 10, 13, 20, 37, 43]",51,0.0,0
,"[11, 15, 28, 34, 39, 58]",14,0.0,0
,"[20, 22, 27, 36, 51, 58]",9,0.0,0
,"[15, 20, 22, 32, 45, 51]",52,0.0,0
,"[24, 36, 45, 46, 53, 55]",32,0.0,0
,"[16, 27, 35, 45, 54, 58]",53,0.0,0
,"[4, 9, 10, 20, 27, 35]",30,0.0,0
,"[12, 20, 21, 29, 35, 44]",47,0.0,0
,"[5, 11, 15, 29, 34, 59]",38,0.0,0
,"[7, 11, 23, 40, 53, 55]",48,0.0,0
,"[14, 17, 31, 39, 44, 46]",29,0.0,0
,"[3, 14, 33, 40, 55, 58]",37,0.0,0
,"[5, 6, 21, 37, 45, 59]",14,0.0,0
,"[1, 6, 14, 20, 37, 45]",27,0.0,0
,"[7, 14, 15, 29, 37, 48]",41,0.0,0
,"[1, 7, 8, 37, 43, 53]",24,0.0,0
,"[5, 21, 26, 33, 36, 59]",20,0.0,0
,"[8, 11, 19, 23, 39, 54]",59,0.0,0
,"[1, 12, 17, 32, 34, 50]",22,0.0,0
,"[5, 22, 31, 42, 45, 56]",34,0.0,0
,"[2, 6, 17, 35, 40, 45]",42,0.0,0
,"[8, 14, 17, 23, 29, 39]",33,0.0,0
,"[13, 20, 26, 34, 35, 40]",53,0.0,0
,"[2, 18, 21, 34, 43, 52]",47,0.0,0
,"[2, 18, 22, 27, 32, 45]",19,0.0,0
,"[11, 25, 38, 39, 45, 50]",43,0.0,0
,"[3, 4, 15, 19, 24, 34]",56,0.0,0
,"[4, 24, 27, 29, 49, 56]",3,0.0,0
,"[5, 26, 27, 28, 29, 35]",1,0.0,0
,"[3, 15, 19, 27, 44, 58]",36,0.0,0
,"[3, 11, 12, 22, 41, 47]",46,0.0,0
,"[9, 15, 39, 45, 48, 53]",2,0.0,0
,"[5, 19, 29, 30, 36, 42]",17,0.0,0
,"[32, 39, 41, 44, 46, 59]",31,0.0,0
,"[2, 14, 16, 36, 37, 45]",24,0.0,0
,"[3, 29, 31, 32, 38, 47]",13,0.0,0
,"[3, 24, 25, 28, 36, 52]",22,0.0,0
,"[6, 17, 20, 30, 35, 56]",38,0.0,0
,"[5, 11, 21, 22, 33, 55]",38,0.0,0
,"[21, 23, 33, 34, 43, 53]",24,0.0,0
,"[6, 16, 24, 27, 28, 33]",45,0.0,0
,"[13, 14, 23, 39, 44, 49]",34,0.0,0
,"[4, 14, 15, 16, 42, 50]",55,0.0,0
,"[1, 9, 11, 26, 43, 59]",5,0.0,0
,"[13, 23, 29, 41, 44, 59]",6,0.0,0
,"[7, 12, 22, 45, 47, 54]",39,0.0,0
,"[16, 17, 27, 35, 40, 54]",10,0.0,0
,"[1, 15, 19, 20, 27, 48]",53,0.0,0
,"[4, 16, 39, 49, 55, 58]",52,0.0,0
,"[1, 12, 34, 36, 39, 58]",21,0.0,0
,"[2, 14, 27, 30, 34, 54]",26,0.0,0
,"[19, 20, 26, 37, 41, 43]",1,0.0,0
,"[2, 13, 23, 28, 42, 51]",6,0.0,0
,"[12, 26, 29, 33, 48, 55]",36,0.0,0
,"[14, 18, 22, 23, 27, 56]",31,0.0,0
,"[19, 30, 33, 35, 49, 54]",58,0.0,0
,"[10, 17, 36, 38, 40, 59]",24,0.0,0
,"[24, 37, 40, 42, 43, 58]",16,0.0,0
,"[3, 23, 25, 39, 40, 53]",42,0.0,0
,"[12, 15, 26, 38, 52, 53]",36,0.0,0
,"[6, 8, 21, 40, 46, 59]",44,0.0,0
,"[33, 36, 38, 53, 57, 58]",5,0.0,0
,"[2, 18, 27, 37, 54, 59]",44,0.0,0
,"[18, 22, 24, 45, 52, 58]",51,0.0,0
,"[9, 18, 38, 39, 43, 49]",46,0.0,0
,"[13, 14, 17, 23, 42, 57]",33,0.0,0
,"[6, 23, 25, 29, 49, 52]",48,0.0,0
,"[2, 15, 29, 35, 36, 57]",45,0.0,0
,"[1, 19, 30, 41, 52, 57]",39,0.0,0
,"[3, 15, 23, 30, 53, 55]",27,0.0,0
,"[14, 18, 19, 23, 33, 37]",43,0.0,0
,"[17, 25, 39, 42, 44, 52]",48,0.0,0
,"[4, 17, 31, 38, 44, 57]",6,0.0,0
,"[6, 30, 34, 36, 43, 54]",39,0.0,0
,"[6, 14, 28, 32, 35, 52]",58,0.0,0
,"[7, 10, 17, 30, 46, 47]",6,0.0,0
,"[16, 25, 32, 46, 47, 49]",54,0.0,0
,"[8, 12, 22, 40, 41, 48]",19,0.0,0
,"[3, 14, 15, 24, 27, 29]",40,0.0,0
,"[2, 18, 25, 37, 40, 49]",39,0.0,0
,"[3, 4, 6, 7, 9, 31]",52,0.0,0
,"[3, 21, 23, 52, 58, 59]",13,0.0,0
,"[1, 4, 11, 25, 34, 40]",47,0.0,0
,"[1, 2, 29, 35, 46, 54]",28,0.0,0
,"[6, 19, 40, 46, 53, 57]",55,0.0,0
,"[13, 23, 30, 42, 57, 58]",26,0.0,0
,"[8, 12, 15, 20, 23, 59]",37,0.0,0
,"[6, 11, 13, 25, 43, 50]",18,0.0,0
,"[9, 12, 15, 21, 23, 29]",20,0.0,0
,"[23, 31, 32, 34, 39, 49]",27,0.0,0
,"[6, 21, 28, 36, 47, 49]",54,0.0,0
,"[24, 31, 45, 50, 51, 52]",55,0.0,0
,"[5, 23, 25, 29, 41, 55]",43,0.0,0
,"[7, 27, 32, 40, 49, 53]",30,0.0,0
,"[4, 18, 43, 45, 48, 50]",39,0.0,0
,"[3, 18, 26, 35, 45, 53]",29,0.0,0
,"[10, 14, 38, 40, 41, 42]",44,0.0,0
,"[7, 21, 22, 33, 37, 40]",25,0.0,0
,"[4, 17, 22, 24, 41, 58]",28,0.0,0
,"[17, 18, 48, 52, 54, 59]",58,0.0,0
,"[7, 9, 13, 14, 19, 28]",43,0.0,0
,"[9, 18, 26, 39, 49, 57]",11,0.0,0
,"[10, 23, 31, 36, 47, 56]",29,0.0,0
,"[13, 15, 17, 24, 38, 56]",49,0.0,0
,"[5, 17, 26, 49, 55, 57]",18,0.0,0
,"[10, 24, 30, 32, 42, 59]",5,0.0,0
,"[12, 14, 20, 23, 34, 35]",36,0.0,0
,"[2, 15, 22, 28, 41, 42]",16,0.0,0
,"[4, 5, 18, 35, 43, 45]",24,0.0,0
,"[4, 11, 28, 29, 38, 42]",15,0.0,0
,"[7, 9, 14, 18, 37, 58]",21,0.0,0
,"[4, 33, 34, 39, 51, 54]",11,0.0,0
,"[14, 28, 41, 43, 44, 54]",10,0.0,0
,"[6, 16, 31, 37, 50, 56]",18,0.0,0
,"[24, 28, 34, 37, 48, 56]",21,0.0,0
,"[9, 14, 18, 21, 34, 45]",35,0.0,0
,"[1, 7, 8, 17, 41, 58]",19,0.0,0
,"[7, 11, 17, 20, 44, 52]",43,0.0,0
,"[11, 19, 21, 31, 48, 55]",33,0.0,0
,"[10, 26, 41, 51, 53, 57]",33,0.0,0
,"[10, 20, 33, 34, 37, 59]",40,0.0,0
,"[22, 28, 29, 43, 52, 54]",59,0.0,0
,"[5, 8, 14, 19, 29, 34]",7,0.0,0
,"[6, 8, 13, 21, 26, 37]",7,0.0,0
,"[2, 10, 19, 20, 34, 48]",40,0.0,0
,"[1, 25, 27, 30, 40, 58]",45,0.0,0
,"[5, 11, 18, 25, 48, 56]",34,0.0,0
,"[7, 33, 45, 48, 50, 58]",17,0.0,0
,"[5, 15, 28, 34, 37, 49]",43,0.0,0
,"[7, 19, 21, 31, 54, 59]",49,0.0,0
,"[6, 9, 29, 36, 46, 54]",34,0.0,0
,"[16, 29, 38, 46, 47, 52]",1,0.0,0
,"[2, 27, 30, 44, 49, 52]",24,0.0,0
,"[2, 28, 35, 39, 41, 57]",58,0.0,0
,"[28, 33, 37, 47, 49, 59]",23,0.0,0
,"[5, 19, 28, 32, 52, 59]",13,0.0,0
,"[15, 21, 22, 32, 39, 43]",13,0.0,0
,"[11, 18, 32, 34, 35, 47]",17,0.0,0
,"[9, 11, 20, 33, 35, 49]",23,0.0,0
,"[13, 27, 34, 43, 44, 54]",51,0.0,0
,"[3, 32, 42, 48, 52, 54]",21,0.0,0
,"[7, 16, 34, 37, 38, 41]",21,0.0,0
,"[10, 11, 12, 18, 26, 52]",42,0.0,0
,"[18, 19, 22, 45, 47, 50]",6,0.0,0
,"[4, 16, 39, 46, 48, 53]",57,0.0,0
,"[20, 28, 30, 39, 43, 59]",25,0.0,0
,"[7, 9, 17, 32, 46, 52]",4,0.0,0
,"[3, 4, 9, 30, 51, 53]",39,0.0,0
,"[15, 21, 24, 39, 41, 42]",50,0.0,0
,"[7, 17, 33, 43, 50, 52]",59,0.0,0
,"[2, 5, 8, 24, 29, 38]",1,0.0,0
,"[2, 21, 25, 39, 46, 50]",32,0.0,0
,"[13, 14, 29, 44, 56, 58]",19,0.0,0
,"[21, 22, 46, 54, 56, 58]",34,0.0,0
,"[5, 17, 24, 31, 33, 40]",53,0.0,0
,"[5, 8, 25, 37, 45, 57]",49,0.0,0
,"[5, 22, 27, 48, 57, 58]",6,0.0,0
,"[4, 11, 33, 44, 46, 52]",25,0.0,0
,"[4, 9, 11, 12, 31, 42]",47,0.0,0
,"[10, 14, 38, 42, 49, 55]",53,0.0,0
,"[26, 40, 47, 50, 53, 56]",35,0.0,0
,"[16, 24, 39, 43, 49, 55]",7,0.0,0
,"[11, 16, 18, 21, 37, 42]",54,0.0,0
,"[9, 17, 18, 27, 36, 47]",29,0.0,0
,"[1, 3, 29, 52, 54, 56]",9,0.0,0
,"[20, 26, 33, 42, 51, 56]",36,0.0,0
,"[5, 24, 41, 45, 46, 51]",58,0.0,0
,"[2, 8, 37, 40, 45, 56]",34,0.0,0
,"[2, 3, 25, 27, 38, 45]",6,0.0,0
,"[12, 18, 38, 40, 48, 57]",1,0.0,0
,"[4, 20, 40, 46, 52, 55]",42,0.0,0
,"[7, 11, 22, 24, 27, 44]",45,0.0,0
,"[2, 8, 33, 42, 44, 51]",4,0.0,0
,"[6, 27, 29, 30, 45, 48]",4,0.0,0
,"[4, 21, 30, 31, 43, 57]",35,0.0,0
,"[6, 16, 44, 50, 52, 56]",32,0.0,0
,"[1, 4, 24, 47, 48, 55]",18,0.0,0
,"[17, 29, 38, 39, 40, 45]",33,0.0,0
,"[36, 43, 49, 52, 57, 58]",59,0.0,0
,"[2, 8, 14, 24, 42, 59]",43,0.0,0
,"[15, 16, 29, 49, 51, 55]",52,0.0,0
,"[4, 11, 28, 29, 40, 57]",43,0.0,0
,"[15, 16, 21, 44, 45, 59]",32,0.0,0
,"[15, 20, 21, 25, 39, 46]",41,0.0,0
,"[3, 7, 10, 13, 27, 30]",51,0.0,0
,"[17, 20, 21, 36, 39, 44]",40,0.0,0
,"[4, 12, 13, 29, 34, 44]",32,0.0,0
,"[4, 23, 29, 35, 37, 38]",13,0.0,0
,"[7, 12, 21, 34, 52, 55]",25,0.0,0
,"[3, 9, 16, 23, 25, 27]",57,0.0,0
,"[32, 38, 39, 40, 55, 56]",36,0.0,0
,"[3, 19, 27, 41, 51, 56]",42,0.0,0
,"[15, 34, 36, 37, 46, 50]",8,0.0,0
,"[12, 37, 42, 44, 47, 51]",43,0.0,0
,"[4, 13, 19, 39, 43, 46]",6,0.0,0
,"[7, 12, 27, 38, 39, 49]",46,0.0,0
,"[28, 33, 40, 46, 49, 59]",5,0.0,0
,"[7, 21, 32, 37, 41, 49]",13,0.0,0
,"[2, 31, 36, 44, 46, 51]",24,0.0,0
,"[4, 12, 15, 16, 23, 57]",13,0.0,0
,"[6, 21, 28, 43, 45, 48]",20,0.0,0
,"[6, 7, 34, 38, 56, 58]",19,0.0,0
,"[1, 2, 5, 22, 33, 38]",3,0.0,0
,"[4, 17, 21, 24, 29, 35]",54,0.0,0
,"[2, 3, 28, 41, 53, 57]",23,0.0,0
,"[10, 14, 22, 24, 34, 58]",57,0.0,0
,"[2, 7, 25, 35, 36, 55]",49,0.0,0
,"[16, 23, 29, 34, 48, 55]",32,0.0,0
,"[1, 8, 9, 26, 27, 59]",4,0.0,0
,"[4, 14, 19, 26, 39, 59]",29,0.0,0
,"[5, 14, 15, 30, 41, 53]",29,0.0,0
,"[6, 11, 16, 30, 33, 46]",47,0.0,0
,"[4, 9, 20, 23, 35, 45]",50,0.0,0
,"[1, 14, 17, 19, 29, 46]",42,0.0,0
,"[6, 9, 13, 21, 27, 46]",51,0.0,0
,"[1, 5, 19, 38, 42, 44]",30,0.0,0
,"[13, 33, 36, 49, 52, 54]",19,0.0,0
,"[1, 2, 27, 30, 31, 35]",58,0.0,0
,"[4, 31, 44, 48, 51, 56]",59,0.0,0
,"[16, 25, 32, 40, 55, 56]",54,0.0,0
,"[2, 16, 17, 30, 41, 48]",52,0.0,0
,"[4, 5, 6, 13, 16, 25]",37,0.0,0
,"[5, 32, 40, 45, 58, 59]",24,0.0,0
,"[5, 21, 23, 25, 36, 50]",54,0.0,0
,"[5, 11, 18, 49, 50, 54]",30,0.0,0
,"[6, 9, 20, 24, 29, 40]",51,0.0,0
,"[2, 10, 14, 43, 46, 54]",17,0.0,0
,"[1, 3, 16, 38, 40, 42]",21,0.0,0
,"[11, 18, 30, 31, 38, 42]",44,0.0,0
,"[5, 23, 39, 42, 52, 55]",7,0.0,0
,"[11, 25, 28, 48, 55, 57]",53,0.0,0
,"[2, 10, 11, 18, 24, 41]",38,0.0,0
,"[6, 22, 26, 28, 39, 49]",40,0.0,0
,"[2, 17, 29, 35, 47, 52]",24,0.0,0
,"[4, 19, 27, 28, 42, 59]",45,0.0,0
,"[6, 7, 16, 32, 40, 57]",56,0.0,0
,"[12, 26, 27, 39, 46, 58]",15,0.0,0
,"[4, 5, 8, 30, 42, 56]",22,0.0,0
,"[4, 11, 14, 23, 39, 57]",34,0.0,0
,"[9, 26, 42, 46, 49, 51]",55,0.0,0
,"[7, 9, 23, 30, 45, 52]",47,0.0,0
,"[25, 34, 42, 43, 45, 47]",58,0.0,0
,"[3, 8, 14, 22, 30, 48]",42,0.0,0
,"[36, 41, 44, 49, 53, 58]",46,0.0,0
,"[1, 18, 25, 27, 30, 53]",14,0.0,0
,"[3, 14, 21, 36, 45, 58]",47,0.0,0
,"[1, 22, 25, 29, 45, 57]",34,0.0,0
,"[9, 18, 21, 47, 48, 59]",13,0.0,0
,"[14, 35, 36, 38, 46, 56]",27,0.0,0
,"[1, 31, 33, 39, 53, 56]",17,0.0,0
,"[5, 12, 19, 27, 28, 59]",46,0.0,0
,"[15, 17, 29, 37, 51, 56]",13,0.0,0
,"[14, 18, 37, 46, 47, 52]",54,0.0,0
,"[9, 13, 39, 42, 49, 55]",6,0.0,0
,"[2, 18, 23, 30, 35, 43]",24,0.0,0
,"[2, 9, 23, 25, 38, 39]",36,0.0,0
,"[11, 20, 29, 32, 35, 45]",28,0.0,0
,"[2, 13, 26, 27, 38, 51]",34,0.0,0
,"[2, 3, 18, 22, 40, 55]",12,0.0,0
,"[3, 9, 10, 11, 30, 41]",8,0.0,0
,"[2, 27, 38, 51, 53, 57]",1,0.0,0
,"[10, 11, 14, 51, 53, 54]",40,0.0,0
,"[4, 7, 27, 37, 40, 45]",13,0.0,0
,"[8, 10, 14, 37, 40, 51]",23,0.0,0
,"[2, 7, 10, 13, 40, 41]",38,0.0,0
,"[15, 20, 21, 28, 33, 47]",8,0.0,0
,"[9, 11, 24, 38, 43, 51]",14,0.0,0
,"[6, 13, 32, 39, 40, 48]",57,0.0,0
,"[9, 26, 29, 33, 40, 59]",53,0.0,0
,"[14, 21, 29, 31, 34, 46]",57,0.0,0
,"[5, 23, 38, 46, 48, 54]",56,0.0,0
,"[7, 8, 18, 39, 53, 58]",46,0.0,0
,"[11, 29, 40, 48, 49, 54]",18,0.0,0
,"[4, 7, 26, 29, 44, 53]",42,0.0,0
,"[1, 17, 32, 39, 49, 54]",9,0.0,0
,"[10, 12, 13, 17, 26, 43]",50,0.0,0
,"[3, 4, 13, 21, 38, 56]",37,0.0,0
,"[4, 15, 16, 29, 39, 56]",38,0.0,0
,"[2, 6, 20, 34, 39, 47]",48,0.0,0
,"[2, 4, 19, 28, 35, 39]",3,0.0,0
,"[13, 22, 26, 51, 54, 55]",35,0.0,0
,"[4, 16, 30, 40, 44, 45]",27,0.0,0
,"[19, 27, 32, 51, 53, 59]",16,0.0,0
,"[6, 8, 37, 48, 55, 58]",38,0.0,0
,"[5, 7, 30, 32, 41, 55]",46,0.0,0
,"[2, 5, 26, 29, 51, 58]",27,0.0,0
,"[13, 26, 41, 48, 53, 56]",21,0.0,0
,"[3, 7, 23, 33, 36, 39]",57,0.0,0
,"[2, 6, 16, 21, 24, 29]",51,0.0,0
,"[5, 21, 24, 51, 56, 57]",14,0.0,0
,"[2, 12, 25, 41, 48, 56]",54,0.0,0
,"[7, 14, 22, 36, 42, 48]",46,0.0,0
,"[11, 15, 43, 46, 50, 54]",56,0.0,0
,"[1, 4, 12, 30, 48, 49]",10,0.0,0
,"[2, 7, 31, 37, 38, 46]",3,0.0,0
,"[13, 21, 22, 32, 51, 56]",23,0.0,0
,"[7, 8, 10, 13, 14, 32]",37,0.0,0
,"[21, 25, 38, 40, 47, 55]",34,0.0,0
,"[10, 11, 36, 39, 47, 58]",57,0.0,0
,"[23, 29, 38, 42, 45, 50]",54,0.0,0
,"[3, 33, 39, 43, 49, 51]",30,0.0,0
,"[14, 25, 36, 37, 43, 44]",56,0.0,0
,"[5, 19, 20, 45, 50, 54]",48,0.0,0
,"[13, 17, 20, 38, 45, 53]",28,0.0,0
,"[18, 22, 24, 34, 38, 59]",30,0.0,0
,"[1, 8, 23, 24, 34, 51]",26,0.0,0
,"[9, 10, 13, 15, 27, 42]",28,0.0,0
,"[5, 9, 13, 37, 41, 51]",14,0.0,0
,"[13, 31, 41, 44, 49, 54]",33,0.0,0
,"[15, 20, 30, 33, 42, 45]",43,0.0,0
,"[9, 30, 42, 44, 54, 55]",7,0.0,0
,"[1, 4, 13, 35, 48, 54]",18,0.0,0
,"[8, 13, 16, 22, 28, 42]",58,0.0,0
,"[10, 28, 30, 32, 50, 55]",24,0.0,0
,"[13, 18, 33, 43, 46, 49]",22,0.0,0
,"[6, 11, 29, 30, 38, 47]",2,0.0,0
,"[19, 23, 25, 43, 51, 55]",28,0.0,0
,"[1, 6, 10, 30, 39, 40]",17,0.0,0
,"[6, 15, 26, 40, 47, 48]",29,0.0,0
,"[3, 21, 28, 38, 55, 58]",56,0.0,0
,"[3, 4, 9, 25, 49, 58]",24,0.0,0
,"[15, 39, 42, 46, 47, 59]",44,0.0,0
,"[3, 11, 18, 22, 35, 42]",6,0.0,0
,"[15, 17, 18, 20, 25, 35]",29,0.0,0
,"[5, 18, 30, 35, 42, 46]",8,0.0,0
,"[7, 11, 20, 23, 46, 56]",26,0.0,0
,"[20, 22, 31, 39, 41, 44]",36,0.0,0
,"[2, 16, 31, 36, 37, 53]",6,0.0,0
,"[20, 21, 42, 44, 48, 58]",3,0.0,0
,"[1, 13, 19, 32, 46, 49]",27,0.0,0
,"[17, 22, 25, 38, 47, 50]",36,0.0,0
,"[15, 16, 24, 44, 50, 55]",41,0.0,0
,"[12, 16, 40, 44, 57, 59]",54,0.0,0
,"[3, 13, 16, 28, 39, 46]",25,0.0,0
,"[22, 32, 35, 40, 53, 55]",43,0.0,0
,"[2, 8, 12, 21, 31, 37]",52,0.0,0
,"[4, 20, 26, 45, 51, 52]",40,0.0,0
,"[9, 10, 13, 26, 29, 49]",56,0.0,0
,"[14, 21, 40, 44, 50, 54]",17,0.0,0
,"[19, 21, 26, 38, 39, 50]",40,0.0,0
,"[22, 41, 45, 47, 54, 57]",18,0.0,0
,"[3, 10, 21, 37, 49, 50]",12,0.0,0
,"[8, 17, 19, 22, 33, 52]",41,0.0,0
,"[6, 32, 44, 46, 52, 57]",9,0.0,0
,"[11, 14, 15, 24, 27, 58]",25,0.0,0
,"[2, 3, 11, 47, 54, 59]",25,0.0,0
,"[2, 9, 10, 15, 32, 57]",42,0.0,0
,"[25, 34, 47, 51, 56, 58]",11,0.0,0
,"[9, 22, 27, 37, 38, 54]",55,0.0,0
,"[3, 31, 39, 46, 50, 53]",24,0.0,0
,"[9, 12, 30, 41, 54, 59]",46,0.0,0
,"[19, 29, 40, 47, 52, 56]",55,0.0,0
,"[8, 14, 22, 31, 35, 59]",28,0.0,0
,"[3, 5, 6, 18, 21, 59]",24,0.0,0
,"[18, 26, 29, 35, 43, 44]",31,0.0,0
,"[9, 10, 16, 17, 47, 59]",49,0.0,0
,"[6, 8, 21, 35, 57, 59]",48,0.0,0
,"[18, 19, 26, 28, 29, 50]",44,0.0,0
,"[7, 10, 11, 41, 49, 54]",22,0.0,0
,"[9, 27, 36, 38, 41, 46]",32,0.0,0
,"[26, 36, 42, 50, 54, 59]",39,0.0,0
,"[3, 10, 21, 23, 24, 36]",33,0.0,0
,"[20, 30, 40, 45, 52, 56]",58,0.0,0
,"[11, 15, 24, 27, 35, 59]",45,0.0,0
,"[15, 23, 24, 36, 46, 53]",43,0.0,0
,"[1, 5, 12, 22, 29, 45]",28,0.0,0
,"[12, 13, 16, 26, 40, 53]",36,0.0,0
,"[4, 6, 25, 34, 35, 36]",19,0.0,0
,"[11, 21, 27, 47, 48, 57]",8,0.0,0
,"[14, 29, 52, 55, 56, 58]",35,0.0,0
,"[14, 15, 20, 27, 36, 43]",51,0.0,0
,"[15, 16, 20, 21, 28, 46]",33,0.0,0
,"[4, 20, 21, 32, 37, 58]",39,0.0,0
,"[1, 13, 19, 36, 45, 59]",46,0.0,0
,"[31, 39, 43, 54, 56, 59]",23,0.0,0
,"[11, 17, 35, 46, 55, 56]",23,0.0,0
,"[11, 16, 25, 29, 41, 48]",58,0.0,0
,"[26, 31, 37, 48, 49, 51]",36,0.0,0
,"[1, 5, 25, 33, 51, 56]",46,0.0,0
,"[2, 8, 11, 23, 26, 56]",29,0.0,0
,"[3, 9, 20, 36, 37, 46]",35,0.0,0
,"[3, 15, 32, 37, 55, 59]",20,0.0,0
,"[4, 18, 19, 21, 24, 34]",55,0.0,0
,"[12, 18, 28, 40, 46, 49]",4,0.0,0
,"[17, 20, 32, 33, 40, 51]",55,0.0,0
,"[6, 13, 20, 25, 32, 34]",45,0.0,0
,"[8, 25, 30, 32, 39, 42]",9,0.0,0
,"[8, 17, 32, 36, 44, 46]",4,0.0,0
,"[19, 38, 46, 48, 50, 51]",17,0.0,0
,"[12, 16, 23, 42, 53, 56]",43,0.0,0
,"[3, 6, 15, 28, 47, 55]",36,0.0,0
,"[33, 39, 42, 44, 54, 56]",13,0.0,0
,"[16, 31, 33, 36, 53, 56]",13,0.0,0
,"[6, 24, 31, 37, 46, 56]",52,0.0,0
,"[22, 32, 35, 36, 41, 57]",20,0.0,0
,"[5, 8, 12, 26, 38, 53]",54,0.0,0
,"[7, 13, 22, 31, 38, 53]",56,0.0,0
,"[14, 20, 35, 36, 37, 43]",56,0.0,0
,"[19, 20, 21, 29, 42, 48]",46,0.0,0
,"[9, 21, 23, 24, 39, 46]",20,0.0,0
,"[1, 2, 24, 35, 38, 51]",15,0.0,0
,"[3, 16, 20, 22, 39, 52]",6,0.0,0
,"[7, 26, 30, 48, 54, 57]",5,0.0,0
,"[10, 12, 21, 48, 51, 57]",54,0.0,0
,"[1, 16, 18, 24, 52, 56]",39,0.0,0
,"[11, 19, 24, 37, 40, 44]",9,0.0,0
,"[4, 16, 18, 23, 30, 58]",1,0.0,0
,"[10, 11, 26, 28, 43, 44]",22,0.0,0
,"[4, 17, 35, 38, 52, 55]",51,0.0,0
,"[2, 20, 31, 35, 37, 41]",13,0.0,0
,"[30, 41, 45, 49, 51, 54]",31,0.0,0
,"[17, 18, 29, 43, 44, 52]",40,0.0,0
,"[23, 33, 34, 46, 47, 52]",17,0.0,0
,"[9, 13, 23, 47, 53, 57]",21,0.0,0
,"[3, 10, 24, 25, 32, 58]",2,0.0,0
,"[4, 21, 23, 34, 41, 57]",18,0.0,0
,"[2, 12, 13, 19, 28, 34]",14,0.0,0
,"[4, 5, 22, 27, 51, 57]",6,0.0,0
,"[9, 21, 32, 35, 46, 51]",33,0.0,0
,"[6, 9, 15, 33, 35, 39]",27,0.0,0
,"[26, 31, 40, 41, 42, 51]",3,0.0,0
,"[5, 36, 38, 39, 42, 54]",9,0.0,0
,"[4, 36, 45, 47, 48, 51]",52,0.0,0
,"[10, 12, 17, 28, 39, 56]",45,0.0,0
,"[4, 6, 10, 15, 47, 51]",23,0.0,0
,"[20, 21, 37, 39, 53, 54]",49,0.0,0
,"[26, 27, 29, 33, 38, 43]",31,0.0,0
,"[7, 20, 26, 39, 46, 47]",51,0.0,0
,"[9, 11, 49, 51, 55, 58]",24,0.0,0
,"[2, 4, 20, 37, 46, 53]",47,0.0,0
,"[1, 18, 21, 27, 50, 52]",41,0.0,0
,"[2, 9, 12, 41, 49, 50]",5,0.0,0
,"[1, 16, 28, 30, 45, 49]",51,0.0,0
,"[5, 14, 18, 26, 32, 54]",59,0.0,0
,"[11, 14, 19, 42, 46, 49]",34,0.0,0
,"[9, 18, 20, 24, 47, 54]",58,0.0,0
,"[15, 36, 40, 46, 48, 59]",24,0.0,0
,"[1, 6, 21, 24, 53, 56]",28,0.0,0
,"[19, 32, 39, 43, 47, 51]",35,0.0,0
,"[8, 9, 20, 23, 26, 33]",6,0.0,0
,"[5, 18, 28, 29, 36, 45]",23,0.0,0
,"[2, 3, 11, 27, 39, 51]",14,0.0,0
,"[13, 19, 33, 35, 37, 50]",34,0.0,0
,"[8, 14, 20, 21, 41, 55]",44,0.0,0
,"[1, 3, 15, 27, 52, 54]",24,0.0,0
,"[12, 15, 25, 32, 50, 51]",26,0.0,0
,"[19, 20, 39, 42, 43, 59]",58,0.0,0
,"[13, 16, 22, 31, 44, 53]",8,0.0,0
,"[11, 14, 16, 19, 23, 30]",44,0.0,0
,"[1, 9, 18, 22, 44, 49]",34,0.0,0
,"[9, 16, 25, 28, 36, 54]",50,0.0,0
,"[3, 12, 13, 25, 26, 35]",44,0.0,0
,"[1, 21, 30, 37, 42, 53]",25,0.0,0
,"[6, 21, 38, 47, 55, 56]",3,0.0,0
,"[6, 22, 27, 32, 48, 53]",42,0.0,0
,"[21, 22, 25, 36, 55, 59]",53,0.0,0
,"[4, 13, 16, 33, 53, 54]",1,0.0,0
,"[7, 20, 31, 33, 40, 41]",3,0.0,0
,"[4, 23, 30, 39, 40, 54]",17,0.0,0
,"[12, 18, 48, 51, 52, 53]",7,0.0,0
,"[6, 18, 19, 23, 26, 55]",49,0.0,0
,"[4, 21, 36, 49, 50, 57]",33,0.0,0
,"[2, 19, 34, 40, 56, 57]",58,0.0,0
,"[10, 14, 15, 41, 46, 51]",28,0.0,0
,"[2, 4, 13, 19, 46, 52]",35,0.0,0
,"[30, 32, 36, 42, 49, 54]",38,0.0,0
,"[34, 40, 41, 48, 53, 55]",57,0.0,0
,"[11, 28, 38, 49, 50, 55]",58,0.0,0
,"[3, 9, 15, 25, 32, 54]",38,0.0,0
,"[5, 22, 44, 49, 50, 58]",18,0.0,0
,"[9, 21, 22, 32, 40, 51]",37,0.0,0
,"[1, 12, 17, 34, 38, 51]",33,0.0,0
,"[20, 21, 25, 49, 52, 55]",8,0.0,0
,"[26, 32, 35, 37, 40, 50]",5,0.0,0
,"[11, 13, 14, 18, 40, 46]",12,0.0,0
,"[4, 7, 17, 41, 43, 47]",53,0.0,0
,"[6, 20, 23, 30, 33, 42]",21,0.0,0
,"[7, 14, 18, 25, 39, 43]",12,0.0,0
,"[6, 15, 22, 24, 37, 45]",8,0.0,0
,"[12, 25, 26, 27, 50, 54]",58,0.0,0
,"[7, 26, 37, 40, 44, 46]",10,0.0,0
,"[21, 31, 37, 43, 49, 56]",11,0.0,0
,"[16, 23, 35, 38, 42, 59]",43,0.0,0
,"[1, 13, 15, 23, 32, 49]",48,0.0,0
,"[3, 8, 17, 46, 47, 50]",22,0.0,0
,"[6, 19, 25, 50, 51, 52]",55,0.0,0
,"[30, 31, 46, 51, 53, 59]",34,0.0,0
,"[6, 12, 14, 31, 33, 34]",35,0.0,0
,"[20, 25, 41, 44, 50, 59]",47,0.0,0
,"[2, 4, 13, 31, 44, 54]",6,0.0,0
,"[7, 8, 11, 43, 50, 55]",4,0.0,0
,"[16, 20, 23, 28, 51, 55]",24,0.0,0
,"[9, 19, 29, 31, 41, 42]",28,0.0,0
,"[6, 10, 12, 14, 19, 32]",21,0.0,0
,"[7, 9, 16, 17, 38, 45]",48,0.0,0
,"[8, 21, 38, 46, 52, 57]",29,0.0,0
,"[6, 17, 19, 23, 56, 59]",30,0.0,0
,"[2, 6, 7, 22, 34, 53]",1,0.0,0
,"[8, 10, 28, 37, 38, 44]",27,0.0,0
,"[18, 24, 34, 46, 53, 58]",29,0.0,0
,"[1, 15, 25, 29, 40, 43]",12,0.0,0
,"[36, 38, 40, 47, 50, 55]",13,0.0,0
,"[2, 17, 25, 41, 43, 51]",47,0.0,0
,"[8, 10, 12, 34, 35, 56]",46,0.0,0
,"[19, 21, 27, 31, 36, 45]",43,0.0,0
,"[15, 43, 44, 50, 55, 58]",54,0.0,0
,"[4, 22, 32, 33, 41, 49]",14,0.0,0
,"[14, 17, 38, 47, 49, 59]",44,0.0,0
,"[6, 9, 10, 15, 33, 34]",30,0.0,0
,"[9, 14, 33, 36, 40, 58]",8,0.0,0
,"[7, 13, 19, 21, 44, 46]",14,0.0,0
,"[6, 10, 21, 32, 35, 59]",41,0.0,0
,"[4, 41, 42, 45, 48, 53]",54,0.0,0
,"[9, 11, 23, 41, 43, 53]",24,0.0,0
,"[12, 22, 27, 51, 52, 56]",4,0.0,0
,"[2, 8, 18, 20, 44, 49]",9,0.0,0
,"[3, 14, 40, 43, 54, 58]",24,0.0,0
,"[16, 40, 47, 53, 58, 59]",11,0.0,0
,"[29, 33, 47, 53, 55, 56]",10,0.0,0
,"[14, 19, 27, 37, 38, 44]",12,0.0,0
,"[9, 14, 28, 33, 39, 58]",40,0.0,0
,"[9, 18, 23, 46, 55, 57]",15,0.0,0
,"[3, 13, 25, 37, 39, 45]",58,0.0,0
,"[1, 22, 33, 45, 51, 57]",5,0.0,0
,"[25, 34, 43, 44, 46, 54]",3,0.0,0
,"[3, 9, 12, 22, 24, 57]",17,0.0,0
,"[2, 7, 13, 15, 18, 47]",43,0.0,0
,"[11, 14, 16, 36, 57, 58]",8,0.0,0
,"[16, 25, 27, 51, 53, 57]",40,0.0,0
,"[1, 3, 15, 22, 42, 59]",41,0.0,0
,"[2, 7, 8, 24, 29, 40]",9,0.0,0
,"[4, 22, 25, 39, 56, 57]",30,0.0,0
,"[3, 9, 27, 36, 53, 54]",42,0.0,0
,"[5, 15, 41, 45, 47, 54]",19,0.0,0
,"[25, 27, 31, 38, 51, 58]",42,0.0,0
,"[9, 18, 33, 36, 48, 58]",43,0.0,0
,"[10, 24, 29, 34, 43, 44]",9,0.0,0
,"[2, 9, 33, 36, 42, 49]",34,0.0,0
,"[8, 22, 27, 31, 50, 57]",52,0.0,0
,"[24, 31, 46, 49, 51, 57]",48,0.0,0
,"[8, 19, 30, 45, 46, 53]",4,0.0,0
,"[1, 9, 13, 37, 39, 53]",59,0.0,0
,"[6, 20, 34, 55, 56, 57]",32,0.0,0
,"[13, 21, 32, 38, 39, 57]",31,0.0,0
,"[22, 34, 39, 40, 50, 56]",28,0.0,0
,"[14, 21, 24, 35, 43, 47]",54,0.0,0
,"[18, 31, 32, 43, 49, 54]",34,0.0,0
,"[19, 20, 28, 38, 39, 56]",44,0.0,0
,"[27, 29, 36, 38, 44, 53]",14,0.0,0
,"[11, 23, 32, 38, 41, 53]",51,0.0,0
,"[10, 19, 32, 38, 41, 51]",53,0.0,0
,"[2, 11, 20, 43, 46, 49]",24,0.0,0
,"[6, 7, 17, 20, 53, 59]",35,0.0,0
,"[21, 26, 27, 45, 46, 54]",20,0.0,0
,"[4, 20, 22, 23, 31, 55]",12,0.0,0
,"[7, 13, 29, 32, 56, 58]",27,0.0,0
,"[2, 22, 27, 28, 44, 52]",23,0.0,0
,"[3, 7, 11, 33, 54, 55]",13,0.0,0
,"[16, 31, 33, 34, 35, 51]",20,0.0,0
,"[2, 4, 22, 36, 45, 46]",37,0.0,0
,"[7, 9, 39, 49, 52, 57]",22,0.0,0
,"[22, 23, 27, 34, 43, 52]",12,0.0,0
,"[13, 20, 31, 33, 36, 59]",3,0.0,0
,"[18, 23, 33, 37, 44, 59]",49,0.0,0
,"[7, 10, 20, 33, 42, 49]",2,0.0,0
,"[3, 42, 44, 52, 53, 56]",39,0.0,0
,"[16, 25, 32, 33, 34, 36]",12,0.0,0
,"[1, 17, 24, 30, 36, 59]",28,0.0,0
,"[9, 10, 11, 37, 56, 57]",44,0.0,0
,"[25, 34, 40, 47, 48, 59]",12,0.0,0
,"[8, 20, 22, 25, 30, 54]",17,0.0,0
,"[2, 14, 27, 45, 55, 57]",46,0.0,0
,"[1, 6, 10, 18, 28, 43]",35,0.0,0
,"[9, 16, 25, 29, 38, 50]",15,0.0,0
,"[3, 5, 20, 44, 45, 53]",38,0.0,0
,"[2, 30, 31, 36, 51, 58]",43,0.0,0
,"[6, 15, 21, 25, 36, 42]",58,0.0,0
,"[3, 21, 23, 38, 45, 50]",10,0.0,0
,"[7, 10, 11, 14, 15, 37]",3,0.0,0
,"[2, 15, 24, 33, 37, 44]",28,0.0,0
,"[17, 18, 21, 27, 37, 44]",41,0.0,0
,"[10, 16, 20, 21, 37, 47]",27,0.0,0
,"[14, 17, 19, 22, 30, 40]",36,0.0,0
,"[10, 22, 31, 36, 37, 47]",16,0.0,0
,"[18, 19, 23, 26, 38, 54]",8,0.0,0
,"[4, 35, 37, 44, 46, 52]",18,0.0,0
,"[3, 16, 18, 22, 46, 48]",15,0.0,0
,"[3, 19, 24, 41, 45, 47]",34,0.0,0
,"[11, 16, 21, 30, 38, 50]",43,0.0,0
,"[19, 21, 24, 41, 44, 59]",40,0.0,0
,"[19, 30, 38, 39, 51, 54]",26,0.0,0
,"[4, 23, 51, 52, 56, 57]",46,0.0,0
,"[12, 19, 23, 35, 40, 50]",48,0.0,0
,"[15, 24, 27, 34, 45, 53]",19,0.0,0
,"[14, 21, 36, 49, 52, 55]",20,0.0,0
,"[1, 2, 13, 23, 30, 53]",24,0.0,0
,"[5, 10, 22, 28, 48, 50]",38,0.0,0
,"[1, 2, 33, 38, 50, 55]",37,0.0,0
,"[12, 16, 20, 21, 28, 56]",42,0.0,0
,"[3, 4, 15, 31, 55, 58]",9,0.0,0
,"[13, 20, 26, 27, 51, 55]",39,0.0,0
,"[6, 9, 30, 47, 50, 58]",12,0.0,0
,"[16, 21, 26, 31, 38, 59]",36,0.0,0
,"[16, 23, 26, 32, 35, 59]",50,0.0,0
,"[23, 29, 37, 42, 50, 55]",49,0.0,0
,"[19, 26, 27, 31, 42, 55]",6,0.0,0
,"[3, 17, 19, 56, 57, 59]",52,0.0,0
,"[34, 39, 42, 50, 51, 57]",56,0.0,0
,"[11, 14, 39, 50, 54, 57]",41,0.0,0
,"[18, 29, 31, 34, 43, 49]",51,0.0,0
,"[24, 28, 33, 36, 42, 49]",3,0.0,0
,"[30, 31, 42, 47, 49, 57]",10,0.0,0
,"[7, 11, 34, 38, 52, 58]",18,0.0,0
,"[2, 13, 17, 40, 57, 58]",38,0.0,0
,"[8, 19, 28, 33, 41, 42]",10,0.0,0
,"[19, 24, 30, 38, 53, 55]",15,0.0,0
,"[9, 14, 30, 32, 48, 52]",34,0.0,0
,"[1, 6, 12, 30, 42, 56]",4,0.0,0
,"[1, 3, 17, 19, 29, 47]",38,0.0,0
,"[5, 10, 19, 24, 26, 49]",58,0.0,0
,"[1, 4, 12, 21, 30, 51]",57,0.0,0
,"[22, 27, 30, 37, 46, 56]",35,0.0,0
,"[5, 17, 28, 29, 33, 54]",47,0.0,0
,"[1, 9, 15, 16, 24, 25]",38,0.0,0
,"[3, 22, 23, 34, 50, 55]",8,0.0,0
,"[2, 3, 9, 27, 32, 34]",15,0.0,0
,"[15, 16, 30, 36, 44, 54]",56,0.0,0
,"[17, 28, 47, 51, 53, 54]",36,0.0,0
,"[9, 18, 31, 48, 51, 52]",19,0.0,0
,"[3, 11, 16, 34, 45, 55]",25,0.0,0
,"[1, 28, 39, 40, 45, 46]",50,0.0,0
,"[9, 24, 33, 45, 46, 53]",2,0.0,0
,"[1, 21, 43, 48, 51, 54]",27,0.0,0
,"[7, 15, 16, 37, 39, 57]",9,0.0,0
,"[13, 14, 17, 23, 34, 42]",24,0.0,0
,"[10, 13, 18, 21, 24, 27]",50,0.0,0
,"[11, 18, 23, 29, 43, 59]",54,0.0,0
,"[22, 23, 26, 34, 37, 45]",35,0.0,0
,"[12, 22, 27, 29, 43, 53]",20,0.0,0
,"[16, 22, 23, 31, 36, 58]",11,0.0,0
,"[7, 39, 43, 52, 54, 57]",55,0.0,0
,"[20, 28, 30, 38, 44, 57]",7,0.0,0
,"[5, 8, 11, 43, 51, 57]",21,0.0,0
,"[1, 5, 19, 26, 28, 45]",4,0.0,0
,"[32, 33, 34, 37, 39, 40]",25,0.0,0
,"[2, 5, 9, 19, 34, 45]",53,0.0,0
,"[12, 31, 43, 50, 52, 57]",27,0.0,0
,"[4, 25, 28, 50, 53, 58]",1,0.0,0
,"[9, 14, 18, 22, 34, 56]",2,0.0,0
,"[4, 20, 22, 32, 35, 50]",11,0.0,0
,"[4, 36, 37, 46, 56, 57]",55,0.0,0
,"[2, 9, 19, 48, 49, 52]",43,0.0,0
,"[6, 15, 28, 32, 40, 51]",44,0.0,0
,"[16, 18, 21, 30, 48, 50]",32,0.0,0
,"[19, 30, 36, 37, 47, 52]",22,0.0,0
,"[4, 16, 31, 45, 54, 55]",2,0.0,0
,"[6, 10, 13, 37, 49, 59]",14,0.0,0
,"[8, 9, 19, 33, 38, 57]",43,0.0,0
,"[7, 9, 34, 40, 51, 52]",15,0.0,0
,"[2, 10, 15, 26, 35, 41]",39,0.0,0
,"[11, 27, 39, 45, 50, 57]",21,0.0,0
,"[6, 18, 25, 33, 34, 57]",48,0.0,0
,"[17, 22, 25, 51, 54, 58]",36,0.0,0
,"[14, 31, 34, 42, 49, 56]",38,0.0,0
,"[3, 8, 25, 30, 35, 47]",59,0.0,0
,"[4, 16, 25, 29, 36, 52]",2,0.0,0
,"[2, 37, 39, 48, 51, 57]",44,0.0,0
,"[1, 10, 15, 41, 49, 55]",50,0.0,0
,"[15, 29, 39, 44, 49, 52]",11,0.0,0
,"[2, 3, 6, 7, 14, 42]",8,0.0,0
,"[10, 12, 41, 44, 46, 48]",36,0.0,0
,"[2, 8, 18, 35, 38, 56]",32,0.0,0
,"[7, 33, 35, 41, 52, 54]",14,0.0,0
,"[16, 19, 21, 26, 39, 53]",36,0.0,0
,"[13, 21, 23, 29, 32, 46]",45,0.0,0
,"[13, 17, 18, 20, 22, 43]",27,0.0,0
,"[16, 19, 29, 38, 58, 59]",41,0.0,0
,"[13, 20, 35, 43, 45, 46]",36,0.0,0
,"[4, 19, 32, 44, 46, 47]",55,0.0,0
,"[9, 17, 22, 29, 35, 49]",2,0.0,0
,"[17, 20, 21, 40, 46, 47]",48,0.0,0
,"[4, 17, 19, 31, 35, 36]",43,0.0,0
,"[15, 20, 21, 23, 34, 46]",24,0.0,0
,"[8, 13, 16, 29, 35, 48]",45,0.0,0
,"[1, 2, 21, 24, 36, 47]",52,0.0,0
,"[6, 7, 21, 39, 42, 48]",28,0.0,0
,"[3, 7, 42, 48, 55, 57]",44,0.0,0
,"[9, 32, 34, 43, 47, 57]",20,0.0,0
,"[6, 7, 26, 39, 42, 43]",54,0.0,0
,"[1, 10, 11, 12, 13, 48]",26,0.0,0
,"[9, 14, 17, 18, 22, 58]",20,0.0,0
,"[12, 21, 25, 30, 34, 47]",28,0.0,0
,"[3, 14, 16, 27, 47, 55]",58,0.0,0
,"[3, 12, 17, 25, 32, 53]",55,0.0,0
,"[23, 27, 35, 42, 45, 58]",14,0.0,0
,"[3, 8, 22, 43, 44, 54]",14,0.0,0
,"[10, 12, 21, 26, 33, 50]",1,0.0,0
,"[3, 5, 10, 41, 48, 57]",54,0.0,0
,"[11, 20, 21, 38, 40, 58]",42,0.0,0
,"[8, 15, 21, 22, 27, 39]",19,0.0,0
,"[19, 22, 24, 39, 45, 50]",10,0.0,0
,"[6, 7, 23, 38, 53, 56]",21,0.0,0
,"[9, 23, 38, 49, 50, 54]",52,0.0,0
,"[10, 16, 18, 21, 30, 32]",53,0.0,0
,"[11, 19, 21, 25, 32, 51]",4,0.0,0
,"[4, 14, 26, 30, 37, 50]",21,0.0,0
,"[28, 30, 34, 47, 48, 52]",14,0.0,0
,"[12, 23, 43, 52, 53, 58]",30,0.0,0
,"[9, 12, 14, 55, 56, 58]",41,0.0,0
,"[18, 21, 24, 30, 32, 58]",15,0.0,0
,"[2, 14, 17, 39, 40, 55]",13,0.0,0
,"[3, 24, 25, 30, 33, 45]",47,0.0,0
,"[12, 15, 49, 50, 52, 54]",35,0.0,0
,"[4, 18, 23, 31, 35, 43]",51,0.0,0
,"[12, 21, 32, 53, 56, 59]",26,0.0,0
,"[4, 14, 19, 22, 27, 47]",10,0.0,0
,"[1, 12, 14, 20, 23, 52]",19,0.0,0
,"[1, 12, 18, 28, 34, 46]",51,0.0,0
,"[14, 31, 37, 45, 47, 48]",34,0.0,0
,"[10, 12, 15, 23, 47, 58]",57,0.0,0
,"[3, 6, 8, 34, 35, 49]",58,0.0,0
,"[11, 33, 42, 50, 51, 57]",39,0.0,0
,"[17, 19, 27, 33, 48, 58]",34,0.0,0
,"[31, 34, 48, 49, 52, 53]",25,0.0,0
,"[2, 24, 33, 34, 40, 42]",25,0.0,0
,"[2, 3, 9, 48, 53, 59]",17,0.0,0
,"[18, 36, 38, 53, 54, 59]",28,0.0,0
,"[1, 7, 24, 30, 50, 58]",29,0.0,0
,"[8, 11, 12, 23, 47, 54]",57,0.0,0
,"[6, 21, 24, 30, 46, 50]",52,0.0,0
,"[19, 26, 30, 40, 56, 58]",21,0.0,0
,"[3, 15, 33, 35, 54, 58]",43,0.0,0
,"[10, 20, 26, 49, 50, 52]",37,0.0,0
,"[5, 37, 40, 42, 49, 56]",6,0.0,0
,"[22, 24, 27, 28, 31, 43]",6,0.0,0
,"[6, 15, 17, 25, 45, 58]",30,0.0,0
,"[20, 22, 27, 35, 37, 55]",16,0.0,0
,"[17, 18, 24, 29, 37, 54]",12,0.0,0
,"[5, 15, 18, 20, 26, 50]",1,0.0,0
,"[3, 20, 32, 45, 52, 56]",37,0.0,0
,"[20, 21, 24, 28, 35, 46]",34,0.0,0
,"[4, 5, 7, 12, 34, 51]",1,0.0,0
,"[1, 9, 15, 34, 38, 54]",37,0.0,0
,"[3, 12, 27, 34, 39, 57]",54,0.0,0
,"[2, 9, 12, 29, 46, 53]",37,0.0,0
,"[7, 17, 20, 23, 24, 41]",11,0.0,0
,"[15, 38, 40, 42, 47, 57]",13,0.0,0
,"[12, 13, 37, 42, 50, 52]",59,0.0,0
,"[3, 9, 32, 36, 40, 49]",29,0.0,0
,"[8, 9, 35, 50, 55, 56]",58,0.0,0
,"[3, 12, 19, 23, 29, 33]",44,0.0,0
,"[5, 11, 20, 37, 56, 57]",50,0.0,0
,"[24, 29, 33, 41, 45, 53]",19,0.0,0
,"[3, 12, 13, 33, 40, 56]",34,0.0,0
,"[26, 35, 41, 42, 46, 52]",55,0.0,0
,"[14, 17, 35, 44, 46, 57]",25,0.0,0
,"[12, 19, 37, 43, 56, 57]",54,0.0,0
,"[12, 19, 31, 42, 49, 55]",51,0.0,0
,"[4, 7, 22, 28, 52, 56]",47,0.0,0
,"[26, 29, 36, 42, 49, 50]",43,0.0,0
,"[4, 7, 9, 19, 47, 53]",2,0.0,0
,"[1, 10, 25, 28, 36, 53]",56,0.0,0
,"[12, 19, 24, 32, 44, 59]",13,0.0,0
,"[3, 14, 16, 23, 24, 58]",37,0.0,0
,"[5, 16, 26, 32, 42, 48]",9,0.0,0
,"[3, 10, 26, 39, 53, 57]",20,0.0,0
,"[10, 16, 17, 23, 38, 47]",34,0.0,0
,"[26, 28, 39, 43, 51, 59]",4,0.0,0
,"[8, 17, 30, 35, 42, 55]",11,0.0,0
,"[8, 25, 29, 39, 52, 53]",44,0.0,0
,"[4, 6, 24, 25, 26, 50]",38,0.0,0
,"[5, 9, 15, 48, 50, 54]",43,0.0,0
,"[7, 20, 23, 28, 40, 55]",32,0.0,0
,"[3, 10, 12, 40, 44, 59]",49,0.0,0
,"[14, 16, 19, 22, 28, 51]",29,0.0,0
,"[3, 4, 6, 30, 45, 57]",16,0.0,0
,"[8, 9, 20, 38, 44, 53]",18,0.0,0
,"[2, 5, 16, 46, 49, 50]",53,0.0,0
,"[1, 20, 33, 41, 50, 51]",34,0.0,0
,"[1, 4, 8, 16, 23, 26]",19,0.0,0
,"[27, 50, 51, 56, 58, 59]",41,0.0,0
,"[6, 22, 31, 38, 40, 59]",58,0.0,0
,"[12, 16, 18, 29, 42, 58]",47,0.0,0
,"[4, 6, 23, 35, 53, 57]",16,0.0,0
,"[7, 18, 31, 32, 37, 55]",14,0.0,0
,"[1, 16, 24, 25, 43, 56]",3,0.0,0
,"[13, 29, 38, 39, 42, 49]",40,0.0,0
,"[3, 13, 21, 30, 36, 45]",18,0.0,0
,"[23, 34, 38, 39, 43, 50]",33,0.0,0
,"[4, 8, 15, 45, 46, 48]",22,0.0,0
,"[5, 19, 38, 40, 43, 56]",33,0.0,0
,"[19, 34, 37, 51, 53, 56]",9,0.0,0
,"[22, 25, 30, 31, 34, 47]",38,0.0,0
,"[29, 31, 46, 49, 54, 59]",8,0.0,0
,"[7, 18, 21, 26, 28, 53]",23,0.0,0
,"[4, 17, 35, 38, 40, 50]",15,0.0,0
,"[4, 12, 17, 42, 45, 57]",38,0.0,0
,"[10, 17, 25, 35, 43, 49]",46,0.0,0
,"[15, 30, 31, 40, 47, 59]",44,0.0,0
,"[4, 6, 10, 11, 28, 58]",51,0.0,0
,"[7, 29, 32, 38, 45, 52]",50,0.0,0
,"[20, 33, 36, 38, 40, 58]",14,0.0,0
,"[2, 7, 8, 18, 53, 57]",32,0.0,0
,"[11, 32, 37, 50, 54, 56]",18,0.0,0
,"[1, 3, 21, 23, 34, 58]",44,0.0,0
,"[3, 14, 24, 37, 46, 48]",18,0.0,0
,"[2, 11, 14, 23, 36, 39]",56,0.0,0
,"[4, 13, 14, 22, 50, 57]",15,0.0,0
,"[3, 4, 16, 24, 34, 57]",44,0.0,0
,"[3, 7, 36, 45, 48, 58]",54,0.0,0
,"[8, 11, 19, 20, 31, 41]",30,0.0,0
,"[27, 30, 32, 33, 39, 52]",37,0.0,0
,"[11, 33, 35, 40, 44, 51]",34,0.0,0
,"[8, 24, 32, 33, 39, 44]",16,0.0,0
,"[19, 22, 25, 35, 37, 42]",31,0.0,0
,"[3, 9, 15, 19, 31, 52]",50,0.0,0
,"[11, 13, 28, 30, 52, 57]",44,0.0,0
,"[11, 15, 27, 31, 35, 49]",26,0.0,0
,"[23, 25, 30, 41, 47, 58]",39,0.0,0
,"[3, 5, 18, 42, 46, 58]",31,0.0,0
,"[19, 23, 25, 42, 50, 57]",49,0.0,0
,"[9, 18, 26, 27, 29, 59]",15,0.0,0
,"[9, 12, 31, 49, 53, 55]",5,0.0,0
,"[1, 3, 31, 42, 45, 51]",11,0.0,0
,"[2, 3, 9, 35, 42, 58]",22,0.0,0
,"[1, 14, 29, 51, 56, 57]",54,0.0,0
,"[1, 9, 13, 38, 49, 54]",59,0.0,0
,"[2, 7, 28, 39, 54, 58]",10,0.0,0
,"[3, 7, 22, 46, 53, 55]",48,0.0,0
,"[4, 8, 15, 16, 33, 58]",6,0.0,0
,"[6, 8, 18, 31, 39, 40]",50,0.0,0
,"[17, 20, 21, 38, 56, 59]",10,0.0,0
,"[4, 12, 27, 30, 35, 44]",37,0.0,0
,"[7, 10, 16, 20, 56, 59]",1,0.0,0
,"[3, 5, 18, 42, 46, 48]",27,0.0,0
,"[9, 11, 30, 32, 36, 45]",18,0.0,0
,"[26, 31, 34, 44, 50, 55]",30,0.0,0
,"[19, 23, 25, 32, 35, 46]",5,0.0,0
,"[10, 20, 23, 24, 29, 44]",33,0.0,0
,"[15, 16, 38, 41, 52, 55]",59,0.0,0
,"[18, 21, 34, 37, 46, 58]",19,0.0,0
,"[14, 33, 42, 47, 53, 57]",54,0.0,0
,"[11, 16, 21, 26, 28, 54]",4,0.0,0
,"[1, 26, 27, 28, 33, 37]",38,0.0,0
,"[10, 12, 34, 37, 53, 54]",29,0.0,0
,"[1, 3, 14, 31, 48, 53]",23,0.0,0
,"[5, 19, 20, 42, 43, 57]",15,0.0,0
,"[2, 9, 35, 37, 45, 49]",52,0.0,0
,"[6, 20, 21, 36, 45, 52]",31,0.0,0
,"[2, 6, 12, 18, 46, 51]",36,0.0,0
,"[3, 28, 30, 46, 50, 59]",24,0.0,0
,"[2, 5, 12, 42, 43, 57]",28,0.0,0
,"[4, 11, 25, 50, 51, 52]",10,0.0,0
,"[4, 7, 8, 14, 24, 52]",27,0.0,0
,"[8, 10, 23, 34, 54, 57]",58,0.0,0
,"[6, 11, 12, 23, 26, 39]",32,0.0,0
,"[5, 9, 17, 30, 44, 55]",11,0.0,0
,"[23, 40, 44, 47, 50, 58]",51,0.0,0
,"[6, 8, 9, 10, 41, 43]",14,0.0,0
,"[12, 15, 16, 18, 19, 25]",51,0.0,0
,"[10, 13, 21, 25, 47, 57]",20,0.0,0
,"[3, 16, 32, 37, 45, 54]",6,0.0,0
,"[6, 14, 18, 26, 29, 37]",38,0.0,0
,"[5, 21, 33, 55, 56, 57]",36,0.0,0
,"[4, 6, 8, 12, 27, 58]",19,0.0,0
,"[2, 23, 26, 35, 49, 59]",24,0.0,0
,"[4, 24, 29, 45, 48, 55]",3,0.0,0
,"[1, 3, 23, 26, 38, 51]",33,0.0,0
,"[10, 18, 41, 45, 54, 55]",12,0.0,0
,"[3, 4, 5, 15, 35, 53]",32,0.0,0
,"[19, 21, 25, 27, 36, 38]",8,0.0,0
,"[5, 7, 16, 19, 20, 30]",31,0.0,0
,"[5, 9, 19, 23, 49, 52]",26,0.0,0
,"[8, 24, 33, 44, 47, 56]",29,0.0,0
,"[2, 24, 35, 37, 39, 47]",5,0.0,0
,"[4, 10, 15, 41, 44, 58]",59,0.0,0
,"[12, 19, 28, 52, 54, 59]",35,0.0,0
,"[1, 3, 5, 13, 20, 39]",37,0.0,0
,"[3, 4, 21, 30, 47, 57]",31,0.0,0
,"[2, 3, 18, 20, 47, 56]",50,0.0,0
,"[8, 13, 28, 35, 39, 56]",48,0.0,0
,"[4, 5, 7, 37, 41, 49]",15,0.0,0
,"[12, 15, 21, 35, 52, 56]",7,0.0,0
,"[8, 9, 13, 25, 39, 53]",41,0.0,0
,"[12, 13, 18, 29, 30, 40]",59,0.0,0
,"[5, 6, 14, 41, 42, 57]",3,0.0,0
,"[15, 22, 23, 37, 45, 53]",48,0.0,0
,"[4, 13, 14, 20, 37, 59]",52,0.0,0
,"[7, 18, 20, 44, 47, 50]",32,0.0,0
,"[23, 25, 28, 41, 44, 49]",30,0.0,0
,"[5, 30, 33, 47, 56, 59]",13,0.0,0
,"[27, 38, 41, 51, 57, 58]",53,0.0,0
,"[12, 15, 21, 45, 51, 52]",28,0.0,0
,"[17, 27, 39, 49, 51, 59]",35,0.0,0
,"[15, 20, 24, 32, 50, 58]",7,0.0,0
,"[7, 11, 24, 32, 48, 55]",14,0.0,0
,"[11, 14, 40, 49, 54, 55]",34,0.0,0
,"[4, 11, 15, 17, 38, 49]",18,0.0,0
,"[4, 18, 33, 36, 40, 48]",22,0.0,0
,"[3, 5, 17, 21, 22, 57]",19,0.0,0
,"[5, 14, 15, 29, 30, 33]",24,0.0,0
,"[5, 12, 14, 33, 36, 47]",40,0.0,0
,"[27, 32, 35, 49, 53, 54]",55,0.0,0
,"[2, 4, 8, 10, 36, 43]",51,0.0,0
,"[4, 19, 31, 39, 40, 58]",50,0.0,0
,"[28, 36, 53, 54, 56, 58]",20,0.0,0
,"[4, 21, 34, 35, 52, 59]",47,0.0,0
,"[5, 12, 22, 36, 39, 40]",59,0.0,0
,"[1, 5, 21, 25, 32, 39]",57,0.0,0
,"[20, 22, 44, 45, 56, 59]",31,0.0,0
,"[8, 13, 18, 25, 46, 59]",42,0.0,0
,"[10, 21, 25, 28, 31, 52]",48,0.0,0
,"[2, 6, 21, 30, 44, 48]",46,0.0,0
,"[3, 5, 10, 40, 44, 49]",35,0.0,0
,"[8, 18, 29, 33, 42, 47]",14,0.0,0
,"[18, 25, 29, 38, 41, 55]",51,0.0,0
,"[12, 21, 27, 33, 42, 49]",37,0.0,0
,"[3, 13, 16, 34, 43, 57]",39,0.0,0
,"[1, 11, 13, 38, 40, 46]",57,0.0,0
,"[13, 24, 37, 45, 46, 56]",50,0.0,0
,"[6, 15, 23, 26, 53, 59]",4,0.0,0
,"[7, 11, 24, 35, 37, 55]",44,0.0,0
,"[7, 9, 15, 24, 42, 57]",56,0.0,0
,"[31, 35, 43, 51, 54, 59]",44,0.0,0
,"[2, 4, 13, 19, 31, 38]",26,0.0,0
,"[2, 12, 14, 18, 24, 38]",43,0.0,0
,"[23, 31, 34, 37, 50, 59]",29,0.0,0
,"[6, 8, 26, 30, 36, 37]",57,0.0,0
,"[6, 8, 22, 50, 53, 57]",41,0.0,0
,"[10, 17, 21, 34, 42, 45]",37,0.0,0
