Draw Date,Number_1,Number_2,Number_3,Number_4,Number_5,Number_6,Bonus,Ball Set,Machine,DrawNumber
2015-10-10,2,3,16,32,53,54,8,1,Guinevere,2066
2015-10-14,7,13,20,27,39,52,35,2,Guinevere,2067
2015-10-17,8,30,37,40,46,50,36,4,Arthur,2068
2015-10-21,13,14,21,25,51,53,39,3,Guinevere,2069
2015-10-24,29,31,43,55,58,59,11,1,Arthur,2070
2015-10-28,26,36,41,46,49,52,9,2,Guinevere,2071
2015-10-31,26,39,41,42,55,59,16,4,Arthur,2072
2015-11-04,11,13,18,25,29,47,59,3,Guinevere,2073
2015-11-07,2,3,34,43,49,50,38,1,Arthur,2074
2015-11-11,2,17,27,28,51,52,14,4,Arthur,2075
2015-11-14,2,23,39,54,55,57,11,2,Guinevere,2076
2015-11-18,9,23,30,46,49,55,37,1,Guinevere,2077
2015-11-21,2,8,10,11,32,47,18,2,Guinevere,2078
2015-11-25,18,29,38,41,43,57,8,4,Guinevere,2079
2015-11-28,7,12,20,24,34,52,18,3,Arthur,2080
2015-12-02,9,11,14,28,37,42,12,3,Arthur,2081
2015-12-05,10,11,15,50,51,56,23,3,Arthur,2082
2015-12-09,3,8,14,28,34,53,32,1,Arthur,2083
2015-12-12,15,22,25,40,53,57,23,2,Arthur,2084
2015-12-16,10,12,35,46,48,57,14,4,Guinevere,2085
2015-12-19,13,14,27,46,48,50,42,5,Arthur,2086
2015-12-23,1,2,4,19,28,41,32,7,Arthur,2087
2015-12-26,17,21,31,38,44,58,20,7,Arthur,2088
2015-12-30,22,31,47,52,55,59,23,5,Arthur,2089
2016-01-02,12,25,29,40,48,56,52,8,Arthur,2090
2016-01-06,8,30,40,50,54,57,13,8,Arthur,2091
2016-01-09,26,27,46,47,52,58,48,6,Guinevere,2092
2016-01-13,4,12,38,46,57,59,8,6,Guinevere,2093
2016-01-16,1,8,12,25,43,52,38,6,Guinevere,2094
2016-01-20,18,36,37,38,54,57,14,7,Arthur,2095
2016-01-23,8,9,10,11,41,54,24,5,Guinevere,2096
2016-01-27,8,38,41,42,50,58,24,8,Guinevere,2097
2016-01-30,1,6,21,31,41,44,42,6,Guinevere,2098
2016-02-03,23,25,34,36,37,54,49,8,Guinevere,2099
2016-02-06,10,12,18,34,52,56,50,7,Arthur,2100
2016-02-10,2,13,25,32,37,39,48,6,Arthur,2101
2016-02-13,15,16,23,39,48,59,36,5,Guinevere,2102
2016-02-17,5,15,33,47,51,59,7,7,Arthur,2103
2016-02-20,2,17,35,41,57,59,42,5,Arthur,2104
2016-02-24,4,14,18,19,26,27,25,1,Arthur,2105
2016-02-27,11,14,22,37,53,56,55,2,Arthur,2106
2016-03-02,4,15,21,26,39,58,20,8,Guinevere,2107
2016-03-05,11,19,29,37,40,41,47,3,Arthur,2108
2016-03-09,26,31,35,37,40,49,36,4,Guinevere,2109
2016-03-12,13,21,30,39,51,56,1,2,Guinevere,2110
2016-03-16,13,14,31,42,44,58,1,3,Guinevere,2111
2016-03-19,21,27,31,34,40,54,22,4,Guinevere,2112
2016-03-23,7,14,21,35,41,42,43,3,Arthur,2113
2016-03-26,5,12,43,51,53,57,28,1,Guinevere,2114
2016-03-30,5,13,24,31,40,41,7,4,Guinevere,2115
2016-04-02,7,14,20,33,47,55,15,1,Arthur,2116
2016-04-06,15,17,31,41,50,57,5,1,Arthur,2117
2016-04-09,20,22,25,34,47,51,18,3,Arthur,2118
2016-04-13,13,15,17,19,35,57,21,4,Arthur,2119
2016-04-16,2,5,14,42,51,55,54,2,Arthur,2120
2016-04-20,1,7,9,10,12,31,28,2,Arthur,2121
2016-04-23,2,14,26,35,44,59,24,1,Guinevere,2122
2016-04-27,12,24,29,34,39,57,28,4,Guinevere,2123
2016-04-30,1,2,5,38,53,56,31,2,Guinevere,2124
2016-05-04,1,2,3,4,20,21,22,3,Arthur,2125
2016-05-07,4,14,17,27,34,36,28,6,Guinevere,2126
2016-05-11,13,22,23,33,49,54,53,7,Guinevere,2127
2016-05-14,9,12,23,24,32,51,16,8,Guinevere,2128
2016-05-18,1,3,28,34,37,46,59,7,Guinevere,2129
2016-05-21,6,7,19,28,30,52,46,8,Guinevere,2130
2016-05-25,6,20,33,44,45,55,16,5,Arthur,2131
2016-05-28,8,10,36,40,52,57,59,5,Arthur,2132
2016-06-01,23,27,36,39,41,49,6,6,Guinevere,2133
2016-06-04,7,32,34,48,55,58,30,8,Guinevere,2134
2016-06-08,28,33,43,49,55,58,21,8,Lancelot,2135
2016-06-11,4,17,30,38,47,55,3,7,Merlin,2136
2016-06-15,2,14,19,20,29,38,27,5,Lancelot,2137
2016-06-18,10,17,26,31,35,38,47,7,Merlin,2138
2016-06-22,11,25,36,39,40,57,37,6,Lancelot,2139
2016-06-25,13,14,18,22,24,56,16,5,Lancelot,2140
2016-06-29,10,19,21,45,46,56,2,8,Lancelot,2141
2016-07-02,3,9,16,19,24,43,13,5,Merlin,2142
2016-07-06,1,3,20,24,38,39,4,6,Lancelot,2143
2016-07-09,1,3,22,29,36,42,12,7,Merlin,2144
2016-07-13,1,22,30,34,57,58,51,3,Merlin,2145
2016-07-16,10,14,17,32,36,50,41,1,Lancelot,2146
2016-07-20,18,29,30,37,46,59,23,6,Merlin,2147
2016-07-23,19,20,30,37,54,59,25,2,Merlin,2148
2016-07-27,9,24,26,38,40,46,30,4,Lancelot,2149
2016-07-30,14,26,28,41,51,57,48,2,Merlin,2150
2016-08-03,16,17,22,38,41,55,5,3,Merlin,2151
2016-08-06,34,39,42,47,53,54,8,4,Lancelot,2152
2016-08-10,11,17,35,36,40,59,39,1,Merlin,2153
2016-08-13,12,20,31,39,43,46,38,3,Merlin,2154
2016-08-17,4,15,27,36,37,59,55,1,Merlin,2155
2016-08-20,8,18,26,35,41,52,17,4,Merlin,2156
2016-08-24,4,10,15,37,38,59,1,2,Lancelot,2157
2016-08-27,5,10,22,23,34,54,8,1,Lancelot,2158
2016-08-31,15,16,26,45,47,49,50,2,Merlin,2159
2016-09-03,2,6,17,28,38,55,37,4,Merlin,2160
2016-09-07,3,10,12,29,30,44,11,4,Lancelot,2161
2016-09-10,6,17,37,46,47,51,2,1,Merlin,2162
2016-09-14,16,23,35,42,44,58,28,3,Merlin,2163
2016-09-17,10,14,25,29,52,54,37,3,Merlin,2164
2016-09-21,20,21,28,33,49,56,43,2,Lancelot,2165
2016-09-24,11,24,34,43,44,47,42,6,Merlin,2166
2016-09-28,19,29,37,41,51,53,55,5,Lancelot,2167
2016-10-01,4,5,18,28,43,58,55,8,Merlin,2168
2016-10-05,11,16,25,37,43,44,39,7,Lancelot,2169
2016-10-08,11,17,20,32,40,42,27,6,Merlin,2170
2016-10-12,2,22,29,30,36,58,53,7,Merlin,2171
2016-10-15,14,16,25,42,46,51,53,5,Merlin,2172
2016-10-19,2,3,4,32,54,59,12,8,Lancelot,2173
2016-10-22,9,19,26,27,45,50,23,6,Merlin,2174
2016-10-26,5,11,27,29,52,53,13,5,Merlin,2175
2016-10-29,7,8,16,24,29,58,42,8,Lancelot,2176
2016-11-02,5,14,19,24,31,38,29,7,Merlin,2177
2016-11-05,8,12,16,26,45,49,27,6,Lancelot,2178
2016-11-09,12,13,30,34,39,52,38,8,Lancelot,2179
2016-11-12,3,11,16,31,44,55,8,7,Lancelot,2180
2016-11-16,7,12,33,47,50,51,40,5,Lancelot,2181
2016-11-19,5,7,8,16,28,37,40,7,Merlin,2182
2016-11-23,2,4,8,25,38,39,29,8,Merlin,2183
2016-11-26,1,2,28,40,48,49,17,5,Merlin,2184
2016-11-30,10,20,25,39,45,55,22,7,Lancelot,2185
2016-12-03,3,8,9,19,21,54,31,6,Merlin,2186
2016-12-07,16,27,31,32,44,58,42,6,Lancelot,2187
2016-12-10,11,26,31,32,33,46,20,5,Lancelot,2188
2016-12-14,3,7,8,9,40,58,36,8,Merlin,2189
2016-12-17,2,11,18,32,40,54,8,7,Merlin,2190
2016-12-21,10,13,22,35,42,52,27,6,Lancelot,2191
2016-12-24,16,19,29,46,54,58,12,8,Merlin,2192
2016-12-28,5,40,47,48,52,54,33,5,Merlin,2193
2016-12-31,10,17,35,41,51,54,25,7,Merlin,2194
2017-01-04,10,29,37,42,48,49,32,5,Merlin,2195
2017-01-07,8,16,33,36,45,51,38,8,Lancelot,2196
2017-01-11,21,26,29,35,46,59,10,6,Merlin,2197
2017-01-14,14,19,21,36,53,54,33,8,Merlin,2198
2017-01-18,8,14,20,27,28,53,45,7,Merlin,2199
2017-01-21,4,13,37,40,52,58,51,5,Merlin,2200
2017-01-25,4,9,20,23,37,53,39,8,Lancelot,2201
2017-01-28,5,21,23,34,43,45,20,6,Lancelot,2202
2017-02-01,6,8,15,31,45,58,39,7,Merlin,2203
2017-02-04,6,9,27,30,40,50,22,5,Merlin,2204
2017-02-08,7,23,41,44,49,54,37,6,Arthur,2205
2017-02-11,15,18,23,42,43,52,28,2,Arthur,2206
2017-02-15,17,23,28,38,47,56,31,4,Arthur,2207
2017-02-18,11,13,21,37,49,59,4,3,Merlin,2208
2017-02-22,1,16,28,31,38,54,5,1,Arthur,2209
2017-02-25,18,24,34,38,41,49,26,4,Merlin,2210
2017-03-01,2,7,21,22,47,53,42,2,Arthur,2211
2017-03-04,24,38,39,40,49,56,21,1,Merlin,2212
2017-03-08,11,19,22,42,43,49,48,4,Arthur,2213
2017-03-11,6,15,23,29,55,57,46,2,Arthur,2214
2017-03-15,6,24,27,38,39,58,55,3,Merlin,2215
2017-03-18,3,8,19,26,37,41,43,3,Merlin,2216
2017-03-22,6,11,12,19,27,31,42,1,Merlin,2217
2017-03-25,39,48,52,53,54,58,28,3,Arthur,2218
2017-03-29,5,6,16,32,42,51,39,2,Merlin,2219
2017-04-01,1,2,11,23,25,54,14,4,Arthur,2220
2017-04-05,10,16,18,32,42,45,30,1,Merlin,2221
2017-04-08,14,23,36,45,47,50,21,3,Arthur,2222
2017-04-12,3,16,34,42,49,52,50,4,Arthur,2223
2017-04-15,8,10,16,19,23,31,48,1,Arthur,2224
2017-04-19,4,27,47,54,55,59,45,2,Merlin,2225
2017-04-22,4,6,34,37,42,52,24,3,Merlin,2226
2017-04-26,12,15,30,43,47,59,41,4,Merlin,2227
2017-04-29,24,29,30,36,46,48,7,1,Merlin,2228
2017-05-03,13,22,24,34,41,57,40,3,Arthur,2229
2017-05-06,5,34,36,38,39,48,30,2,Merlin,2230
2017-05-10,7,12,17,35,37,58,25,4,Merlin,2231
2017-05-13,7,14,15,21,23,57,52,2,Arthur,2232
2017-05-17,3,19,20,24,30,38,41,2,Merlin,2233
2017-05-20,7,8,13,29,43,53,16,1,Merlin,2234
2017-05-24,3,30,44,45,55,59,37,1,Arthur,2235
2017-05-27,20,22,31,39,41,54,33,4,Arthur,2236
2017-05-31,18,23,28,52,56,59,36,3,Arthur,2237
2017-06-03,12,19,21,38,47,51,48,2,Merlin,2238
2017-06-07,6,8,12,36,37,41,50,1,Arthur,2239
2017-06-10,10,18,28,35,36,50,2,4,Arthur,2240
2017-06-14,2,4,14,23,34,46,45,3,Merlin,2241
2017-06-17,1,11,16,20,24,44,42,2,Arthur,2242
2017-06-21,1,3,5,11,15,43,48,1,Merlin,2243
2017-06-24,4,16,26,39,42,54,24,4,Merlin,2244
2017-06-28,2,10,21,23,54,56,44,5,Merlin,2245
2017-07-01,2,19,36,52,54,59,6,6,Merlin,2246
2017-07-05,16,18,25,27,29,57,4,7,Merlin,2247
2017-07-08,1,11,18,27,32,50,25,8,Merlin,2248
2017-07-12,7,14,19,38,40,45,18,3,Merlin,2249
2017-07-15,7,8,14,47,56,58,23,6,Merlin,2250
2017-07-19,2,6,14,16,25,36,42,5,Merlin,2251
2017-07-22,5,13,21,35,41,47,23,7,Arthur,2252
2017-07-26,5,10,29,35,55,56,30,5,Arthur,2253
2017-07-29,1,26,41,55,56,59,36,6,Arthur,2254
2017-08-02,4,6,24,35,45,52,8,7,Arthur,2255
2017-08-05,14,24,30,45,49,56,27,8,Merlin,2256
2017-08-09,5,9,25,34,51,59,44,5,Arthur,2257
2017-08-12,10,27,49,52,55,56,17,6,Merlin,2258
2017-08-16,7,17,28,43,44,45,54,8,Merlin,2259
2017-08-19,12,25,39,46,52,55,3,8,Merlin,2260
2017-08-23,8,16,21,41,44,56,45,7,Lancelot,2261
2017-08-26,20,25,34,41,42,52,58,6,Lancelot,2262
2017-08-30,34,42,46,57,58,59,38,8,Lancelot,2263
2017-09-02,30,33,35,40,41,59,8,7,Lancelot,2264
2017-09-06,16,30,34,50,52,53,46,5,Lancelot,2265
2017-09-09,4,7,13,49,56,58,6,6,Lancelot,2266
2017-09-13,4,11,14,21,29,56,27,7,Lancelot,2267
2017-09-16,1,6,31,37,49,50,38,8,Guinevere,2268
2017-09-20,8,20,25,50,51,58,45,5,Lancelot,2269
2017-09-23,17,18,26,39,54,56,57,5,Lancelot,2270
2017-09-27,30,35,45,47,52,55,40,8,Guinevere,2271
2017-09-30,13,18,21,30,50,54,20,7,Lancelot,2272
2017-10-04,12,20,32,38,48,54,5,6,Guinevere,2273
2017-10-07,15,20,30,37,47,51,21,8,Lancelot,2274
2017-10-11,17,38,49,54,55,56,13,7,Guinevere,2275
2017-10-14,6,22,40,43,47,58,42,5,Lancelot,2276
2017-10-18,11,12,15,22,27,44,7,8,Lancelot,2277
2017-10-21,3,31,37,41,44,59,32,7,Lancelot,2278
2017-10-25,1,3,11,37,49,58,21,6,Guinevere,2279
2017-10-28,8,15,33,42,55,58,53,5,Lancelot,2280
2017-11-01,13,14,18,19,21,36,53,8,Lancelot,2281
2017-11-04,6,20,23,29,35,53,57,6,Guinevere,2282
2017-11-08,2,17,25,32,42,49,4,5,Guinevere,2283
2017-11-11,4,16,27,30,41,49,54,7,Lancelot,2284
2017-11-15,2,11,22,36,51,59,7,1,Lancelot,2285
2017-11-18,1,20,24,36,54,58,11,2,Guinevere,2286
2017-11-22,2,16,17,27,36,37,42,3,Lancelot,2287
2017-11-25,4,7,29,45,54,56,8,1,Guinevere,2288
2017-11-29,20,32,42,43,53,58,8,4,Lancelot,2289
2017-12-02,4,9,13,32,46,50,52,2,Lancelot,2290
2017-12-06,3,19,24,31,50,52,16,6,Lancelot,2291
2017-12-09,2,32,37,39,46,54,19,4,Lancelot,2292
2017-12-13,6,14,23,24,43,58,40,3,Lancelot,2293
2017-12-16,22,25,35,45,46,57,14,3,Guinevere,2294
2017-12-20,10,20,28,38,41,46,16,1,Lancelot,2295
2017-12-23,20,32,36,44,47,56,41,2,Lancelot,2296
2017-12-27,18,36,48,57,58,59,50,4,Guinevere,2297
2017-12-30,33,37,42,47,55,58,34,3,Guinevere,2298
2018-01-03,11,19,20,30,35,49,44,1,Lancelot,2299
2018-01-06,18,28,31,32,44,51,50,4,Lancelot,2300
2018-01-10,6,11,27,29,40,55,45,2,Lancelot,2301
2018-01-13,6,7,9,18,35,46,5,1,Lancelot,2302
2018-01-17,30,33,37,43,55,56,46,4,Lancelot,2303
2018-01-20,2,10,19,28,29,31,47,3,Guinevere,2304
2018-01-24,1,22,39,44,48,59,5,1,Guinevere,2305
2018-01-27,29,33,43,45,49,56,16,4,Guinevere,2306
2018-01-31,5,19,21,42,44,57,18,3,Lancelot,2307
2018-02-03,8,26,27,29,49,58,38,2,Guinevere,2308
2018-02-07,5,19,29,34,40,45,57,2,Guinevere,2309
2018-02-10,3,12,15,29,51,58,13,1,Guinevere,2310
2018-02-14,2,8,33,46,48,50,5,3,Guinevere,2311
2018-02-17,5,8,9,10,38,53,56,4,Lancelot,2312
2018-02-21,14,25,29,30,35,53,38,4,Merlin,2313
2018-02-24,2,11,35,40,48,55,7,1,Merlin,2314
2018-02-28,9,10,27,30,33,45,29,2,Merlin,2315
2018-03-03,15,19,20,29,42,50,36,3,Arthur,2316
2018-03-07,8,10,22,37,55,57,29,4,Merlin,2317
2018-03-10,3,7,36,42,53,59,50,2,Arthur,2318
2018-03-14,7,19,38,45,47,53,15,3,Arthur,2319
2018-03-17,7,8,13,24,45,46,39,2,Arthur,2320
2018-03-21,2,35,44,51,54,55,45,4,Merlin,2321
2018-03-24,3,11,16,36,43,59,49,1,Arthur,2322
2018-03-28,2,6,7,15,52,54,45,3,Arthur,2323
2018-03-31,6,8,20,26,35,36,39,2,Merlin,2324
2018-04-04,1,9,15,26,38,43,14,5,Arthur,2325
2018-04-07,1,4,31,33,52,55,13,1,Merlin,2326
2018-04-11,21,25,32,52,56,59,28,6,Arthur,2327
2018-04-14,10,40,42,46,47,48,38,8,Arthur,2328
2018-04-18,4,11,21,39,41,59,58,7,Arthur,2329
2018-04-21,2,8,9,12,20,57,38,5,Arthur,2330
2018-04-25,5,14,18,40,41,50,12,7,Merlin,2331
2018-04-28,3,11,37,38,43,44,20,8,Arthur,2332
2018-05-02,4,8,10,26,38,48,41,5,Merlin,2333
2018-05-05,2,9,14,49,52,56,41,6,Merlin,2334
2018-05-09,18,21,25,30,56,59,5,6,Arthur,2335
2018-05-12,1,15,21,30,35,44,5,8,Arthur,2336
2018-05-16,4,22,26,32,48,54,57,7,Arthur,2337
2018-05-19,1,3,34,36,48,52,22,6,Arthur,2338
2018-05-23,1,15,17,32,36,45,5,8,Arthur,2339
2018-05-26,9,14,19,29,39,40,3,7,Arthur,2340
2018-05-30,4,5,8,26,32,39,16,5,Arthur,2341
2018-06-02,4,32,38,43,51,58,10,6,Arthur,2342
2018-06-06,12,22,31,35,42,58,55,5,Arthur,2343
2018-06-09,3,17,20,55,56,58,57,8,Arthur,2344
2018-06-13,5,15,22,33,38,45,11,6,Arthur,2345
2018-06-16,10,18,36,37,41,46,8,5,Merlin,2346
2018-06-20,15,22,26,35,41,43,1,8,Merlin,2347
2018-06-23,1,10,15,25,31,47,53,6,Merlin,2348
2018-06-27,4,41,45,54,57,58,26,5,Merlin,2349
2018-06-30,6,28,32,45,46,49,50,7,Merlin,2350
2018-07-04,8,13,22,46,52,58,7,7,Arthur,2351
2018-07-07,17,18,29,48,52,54,1,8,Merlin,2352
2018-07-11,8,11,17,25,33,46,13,7,Merlin,2353
2018-07-14,4,8,13,26,41,55,58,5,Merlin,2354
2018-07-18,22,34,44,49,51,53,33,8,Merlin,2355
2018-07-21,9,13,16,25,40,46,52,6,Arthur,2356
2018-07-25,5,19,20,23,30,43,6,7,Arthur,2357
2018-07-28,11,29,31,32,38,45,10,5,Arthur,2358
2018-08-01,15,17,18,34,46,54,4,8,Arthur,2359
2018-08-04,5,17,23,25,34,51,52,7,Arthur,2360
2018-08-08,8,19,20,27,31,34,7,5,Arthur,2361
2018-08-11,1,3,10,18,19,37,57,6,Arthur,2362
2018-08-15,3,28,34,41,48,58,54,7,Arthur,2363
2018-08-18,1,2,6,12,13,55,11,8,Merlin,2364
2018-08-22,15,20,21,25,34,47,36,6,Merlin,2365
2018-08-25,9,22,33,39,41,56,48,3,Arthur,2366
2018-08-29,19,23,30,50,51,54,55,1,Arthur,2367
2018-09-01,3,21,22,38,46,55,50,2,Arthur,2368
2018-09-05,12,18,22,23,48,59,47,4,Merlin,2369
2018-09-08,7,19,33,34,52,53,48,1,Merlin,2370
2018-09-12,11,12,13,14,54,56,36,3,Guinevere,2371
2018-09-15,25,42,48,50,55,58,44,2,Lancelot,2372
2018-09-19,7,20,25,26,34,40,59,1,Lancelot,2373
2018-09-22,5,16,18,20,25,55,36,4,Lancelot,2374
2018-09-26,3,8,37,39,47,59,42,3,Lancelot,2375
2018-09-29,17,36,40,44,54,58,27,4,Guinevere,2376
2018-10-03,3,5,11,25,27,45,18,2,Lancelot,2377
2018-10-06,23,26,30,32,37,39,5,3,Lancelot,2378
2018-10-10,10,49,50,53,54,56,4,4,Lancelot,2379
2018-10-13,19,26,40,52,56,58,38,1,Guinevere,2380
2018-10-17,1,5,6,20,51,54,56,3,Guinevere,2381
2018-10-20,12,18,40,42,46,59,49,4,Lancelot,2382
2018-10-24,9,22,32,40,51,59,17,2,Lancelot,2383
2018-10-27,1,6,25,26,31,39,56,1,Guinevere,2384
2018-10-31,5,14,20,24,28,45,21,3,Lancelot,2385
2018-11-03,16,31,41,45,47,52,53,2,Guinevere,2386
2018-11-07,4,5,9,40,46,59,58,1,Guinevere,2387
2018-11-10,7,12,17,38,42,44,53,2,Lancelot,2388
2018-11-14,4,11,20,45,48,53,16,4,Lancelot,2389
2018-11-17,4,5,9,12,17,42,32,3,Lancelot,2390
2018-11-21,24,31,35,42,46,53,9,1,Guinevere,2391
2018-11-24,15,27,30,32,42,43,10,4,Lancelot,2392
2018-11-28,36,39,45,46,48,52,38,3,Guinevere,2393
2018-12-01,5,8,9,12,31,49,57,1,Guinevere,2394
2018-12-05,1,6,13,23,45,56,41,2,Lancelot,2395
2018-12-08,6,23,36,38,43,48,17,2,Lancelot,2396
2018-12-12,3,22,31,46,51,59,53,3,Lancelot,2397
2018-12-15,5,26,34,35,43,49,19,4,Guinevere,2398
2018-12-19,12,24,33,34,39,56,38,1,Guinevere,2399
2018-12-22,4,15,17,24,32,56,31,4,Lancelot,2400
2018-12-26,7,14,35,45,54,58,1,2,Guinevere,2401
2018-12-29,26,31,38,40,45,57,28,3,Lancelot,2402
2019-01-02,8,9,10,35,40,53,21,1,Lancelot,2403
2019-01-05,18,25,27,28,32,47,6,4,Guinevere,2404
2019-01-09,3,17,36,42,51,57,18,5,Lancelot,2405
2019-01-12,13,29,32,43,49,55,26,2,Guinevere,2406
2019-01-16,1,12,44,48,54,55,8,7,Guinevere,2407
2019-01-19,11,15,17,22,31,52,45,8,Guinevere,2408
2019-01-23,5,27,30,41,45,58,38,5,Guinevere,2409
2019-01-26,29,40,42,47,51,56,45,7,Lancelot,2410
2019-01-30,7,22,31,43,47,58,2,8,Guinevere,2411
2019-02-02,1,6,41,53,55,59,20,6,Lancelot,2412
2019-02-06,3,16,24,41,44,53,15,6,Guinevere,2413
2019-02-09,25,27,31,36,38,47,12,7,Lancelot,2414
2019-02-13,4,8,26,31,42,45,55,6,Lancelot,2415
2019-02-16,11,15,18,43,46,51,12,5,Lancelot,2416
2019-02-20,3,11,17,33,41,51,48,6,Lancelot,2417
2019-02-23,6,9,38,40,42,48,57,8,Lancelot,2418
2019-02-27,19,20,22,31,51,54,16,5,Guinevere,2419
2019-03-02,4,8,16,19,33,45,54,7,Lancelot,2420
2019-03-06,2,12,15,43,46,53,17,6,Lancelot,2421
2019-03-09,22,27,35,40,46,52,2,7,Guinevere,2422
2019-03-13,1,11,29,40,46,48,17,5,Guinevere,2423
2019-03-16,6,26,32,37,42,59,38,8,Lancelot,2424
2019-03-20,2,19,35,53,56,58,12,7,Guinevere,2425
2019-03-23,6,26,30,50,52,59,27,5,Lancelot,2426
2019-03-27,13,18,25,35,39,50,21,8,Lancelot,2427
2019-03-30,3,27,35,45,54,55,24,7,Lancelot,2428
2019-04-03,5,9,17,26,35,52,44,6,Guinevere,2429
2019-04-06,5,8,22,33,36,43,21,8,Guinevere,2430
2019-04-10,20,22,36,42,48,49,30,6,Guinevere,2431
2019-04-13,4,10,15,24,37,38,30,6,Lancelot,2432
2019-04-17,8,23,28,42,43,51,52,7,Guinevere,2433
2019-04-20,7,8,11,17,34,54,4,8,Lancelot,2434
2019-04-24,22,29,35,41,43,51,42,6,Guinevere,2435
2019-04-27,1,7,26,34,52,53,10,7,Guinevere,2436
2019-05-01,10,12,23,29,35,57,9,5,Guinevere,2437
2019-05-04,16,17,35,39,40,55,41,5,Guinevere,2438
2019-05-08,16,19,31,35,45,56,59,8,Lancelot,2439
2019-05-11,13,14,19,45,49,55,24,6,Guinevere,2440
2019-05-15,8,11,18,39,44,50,23,5,Guinevere,2441
2019-05-18,7,22,23,26,31,54,3,7,Lancelot,2442
2019-05-22,7,27,31,36,37,50,18,8,Guinevere,2443
2019-05-25,5,9,26,35,43,54,24,6,Lancelot,2444
2019-05-29,3,15,27,32,46,53,57,1,Guinevere,2445
2019-06-01,8,26,36,39,40,47,42,5,Guinevere,2446
2019-06-05,11,20,23,32,33,56,25,1,Guinevere,2447
2019-06-08,12,13,22,37,42,55,43,1,Guinevere,2448
2019-06-12,6,16,34,36,37,53,50,2,Guinevere,2449
2019-06-15,7,40,42,47,52,54,29,2,Guinevere,2450
2019-06-19,22,26,31,39,47,55,35,3,Merlin,2451
2019-06-22,6,9,17,32,44,57,11,3,Merlin,2452
2019-06-26,5,7,9,24,32,44,38,4,Merlin,2453
2019-06-29,11,32,43,44,47,52,27,4,Merlin,2454
2019-07-03,10,20,27,29,38,52,57,1,Arthur,2455
2019-07-06,24,30,44,50,56,57,9,1,Arthur,2456
2019-07-10,4,10,11,17,53,54,6,2,Arthur,2457
2019-07-13,18,25,29,32,35,58,12,2,Arthur,2458
2019-07-17,5,8,40,41,43,45,23,3,Merlin,2459
2019-07-20,14,18,23,28,36,37,32,3,Merlin,2460
2019-07-24,2,4,17,28,37,45,22,4,Merlin,2461
2019-07-27,14,19,30,45,48,58,3,4,Merlin,2462
2019-07-31,9,18,20,42,43,46,30,1,Arthur,2463
2019-08-03,8,30,34,44,45,57,31,1,Arthur,2464
2019-08-07,7,11,36,44,52,58,31,2,Arthur,2465
2019-08-10,5,8,9,17,23,29,49,2,Arthur,2466
2019-08-14,14,16,24,28,30,53,23,3,Merlin,2467
2019-08-17,6,9,10,41,46,58,45,3,Merlin,2468
2019-08-21,11,14,26,51,53,58,30,4,Merlin,2469
2019-08-24,27,36,39,45,46,55,38,4,Merlin,2470
2019-08-28,1,40,41,49,52,57,43,5,Arthur,2471
2019-08-31,5,10,16,26,41,58,15,5,Arthur,2472
2019-09-04,11,13,32,40,45,49,39,6,Arthur,2473
2019-09-07,3,13,27,30,32,37,8,6,Arthur,2474
2019-09-11,4,9,26,35,38,53,30,7,Merlin,2475
2019-09-14,6,10,14,19,26,43,28,7,Merlin,2476
2019-09-18,1,25,28,34,39,57,50,8,Merlin,2477
2019-09-21,18,23,32,33,34,41,54,8,Merlin,2478
2019-09-25,3,4,16,39,43,52,47,5,Arthur,2479
2019-09-28,2,19,21,23,29,42,26,5,Arthur,2480
2019-10-02,13,15,20,37,42,47,49,6,Arthur,2481
2019-10-05,4,8,12,13,32,34,58,6,Arthur,2482
2019-10-09,14,22,40,44,55,58,12,7,Merlin,2483
2019-10-12,23,27,30,36,40,42,58,7,Merlin,2484
2019-10-16,4,5,18,29,40,47,57,8,Merlin,2485
2019-10-19,8,15,17,31,33,52,13,8,Merlin,2486
2019-10-23,5,29,30,39,53,58,19,5,Arthur,2487
2019-10-26,16,23,26,38,56,59,32,5,Arthur,2488
2019-10-30,2,8,19,41,51,56,23,6,Arthur,2489
2019-11-02,13,16,28,34,41,56,40,6,Arthur,2490
2019-11-06,17,22,25,27,32,35,5,7,Merlin,2491
2019-11-09,2,11,16,46,51,58,31,7,Merlin,2492
2019-11-13,1,2,7,9,44,55,39,8,Merlin,2493
2019-11-16,2,10,25,51,56,59,17,8,Merlin,2494
2019-11-20,8,17,31,47,49,52,12,9,Arthur,2495
2019-11-23,23,25,28,38,47,58,31,9,Arthur,2496
2019-11-27,7,16,22,39,48,55,50,10,Arthur,2497
2019-11-30,8,16,24,36,40,57,51,10,Arthur,2498
2019-12-04,9,13,21,25,28,31,1,11,Merlin,2499
2019-12-07,6,20,27,34,35,57,39,11,Merlin,2500
2019-12-11,7,14,16,33,35,47,25,9,Guinevere,2501
2019-12-14,2,21,23,32,44,49,56,9,Guinevere,2502
2019-12-18,13,15,36,44,50,56,45,10,Guinevere,2503
2019-12-21,12,27,33,36,42,45,26,10,Guinevere,2504
2019-12-25,5,10,11,45,54,58,40,11,Lancelot,2505
2019-12-28,1,2,12,23,41,55,9,11,Lancelot,2506
2020-01-01,13,20,30,38,50,55,5,9,Lancelot,2507
2020-01-04,3,13,14,34,50,51,11,9,Lancelot,2508
2020-01-08,2,23,42,47,50,59,32,10,Guinevere,2509
2020-01-11,27,28,46,51,55,57,14,10,Guinevere,2510
2020-01-15,15,25,50,52,54,55,28,11,Guinevere,2511
2020-01-18,14,29,35,41,42,55,11,11,Guinevere,2512
2020-01-22,19,23,25,29,30,36,14,1,Lancelot,2513
2020-01-25,18,30,33,39,54,55,21,1,Lancelot,2514
2020-01-29,7,23,40,42,47,59,58,2,Lancelot,2515
2020-02-01,7,42,44,47,58,59,52,2,Lancelot,2516
2020-02-05,20,31,39,42,43,48,1,3,Guinevere,2517
2020-02-08,8,35,42,43,54,59,21,3,Guinevere,2518
2020-02-12,2,3,5,27,51,54,6,4,Guinevere,2519
2020-02-15,10,11,33,41,45,54,18,4,Guinevere,2520
2020-02-19,7,18,21,27,28,48,10,1,Lancelot,2521
2020-02-22,21,23,25,27,36,47,17,1,Lancelot,2522
2020-02-26,19,20,27,49,52,57,4,2,Lancelot,2523
2020-02-29,25,32,34,52,55,58,9,2,Lancelot,2524
2020-03-04,4,7,14,19,50,56,8,3,Guinevere,2525
2020-03-07,5,29,35,36,40,44,42,3,Guinevere,2526
2020-03-11,10,39,45,46,52,54,12,4,Guinevere,2527
2020-03-14,7,22,30,38,42,47,14,4,Guinevere,2528
2020-03-18,3,7,11,19,27,52,5,1,Lancelot,2529
2020-03-21,12,26,29,34,56,58,41,1,Lancelot,2530
2020-03-25,11,24,25,39,53,57,9,2,Lancelot,2531
2020-03-28,8,14,27,33,46,49,11,2,Lancelot,2532
2020-04-01,4,16,17,22,27,52,30,3,Guinevere,2533
2020-04-04,4,22,28,39,45,49,25,3,Guinevere,2534
2020-04-08,1,4,19,20,41,45,7,4,Guinevere,2535
2020-04-11,20,28,30,31,44,55,50,4,Guinevere,2536
2020-04-15,25,37,38,43,54,57,17,5,Lancelot,2537
2020-04-18,3,6,31,43,46,53,26,5,Lancelot,2538
2020-04-22,3,8,18,47,50,59,12,6,Lancelot,2539
2020-04-25,3,9,21,25,28,59,36,6,Lancelot,2540
2020-04-29,16,17,32,36,40,47,4,7,Guinevere,2541
2020-05-02,14,18,23,39,44,52,47,7,Guinevere,2542
2020-05-06,23,29,32,48,49,51,13,8,Guinevere,2543
2020-05-09,7,18,21,26,42,50,59,8,Guinevere,2544
2020-05-13,14,16,19,31,38,47,20,5,Lancelot,2545
2020-05-16,4,20,21,44,48,52,34,5,Lancelot,2546
2020-05-20,7,24,26,37,40,57,44,6,Lancelot,2547
2020-05-23,15,37,38,42,45,59,54,6,Lancelot,2548
2020-05-27,4,7,19,23,34,38,46,7,Guinevere,2549
2020-05-30,2,6,8,32,33,35,45,7,Guinevere,2550
2020-06-03,1,2,5,11,14,33,48,8,Guinevere,2551
2020-06-06,3,6,12,17,35,40,33,8,Guinevere,2552
2020-06-10,20,26,50,51,55,57,40,9,Merlin,2553
2020-06-13,10,12,19,21,35,51,42,9,Merlin,2554
2020-06-17,2,9,33,39,48,54,43,10,Merlin,2555
2020-06-20,7,21,26,30,40,48,13,10,Merlin,2556
2020-06-24,1,8,33,50,52,57,41,11,Arthur,2557
2020-06-27,2,15,19,33,37,43,12,11,Arthur,2558
2020-07-01,1,8,24,27,29,55,4,9,Arthur,2559
2020-07-04,32,33,34,48,52,57,13,9,Arthur,2560
2020-07-08,5,18,22,31,50,59,30,10,Merlin,2561
2020-07-11,9,10,14,17,32,58,22,10,Merlin,2562
2020-07-15,9,27,29,37,44,53,49,11,Merlin,2563
2020-07-18,1,20,24,32,33,42,30,11,Merlin,2564
2020-07-22,2,7,11,23,37,45,19,9,Arthur,2565
2020-07-25,10,13,14,18,33,34,15,9,Arthur,2566
2020-07-29,1,24,39,46,49,52,51,10,Arthur,2567
2020-08-01,4,10,13,24,53,56,22,10,Arthur,2568
2020-08-05,1,28,42,43,51,58,36,11,Merlin,2569
2020-08-08,2,40,49,53,56,58,41,11,Merlin,2570
2020-08-12,6,8,27,31,37,51,20,1,Merlin,2571
2020-08-15,10,14,16,22,25,34,21,1,Merlin,2572
2020-08-19,21,22,32,36,45,50,5,2,Arthur,2573
2020-08-22,19,23,24,28,37,51,12,2,Arthur,2574
2020-08-26,4,8,24,27,31,39,45,3,Arthur,2575
2020-08-29,5,10,21,47,51,57,16,3,Arthur,2576
2020-09-02,11,15,45,54,55,58,12,4,Merlin,2577
2020-09-05,3,11,28,36,38,47,32,4,Merlin,2578
2020-09-09,11,13,33,48,50,56,55,1,Merlin,2579
2020-09-12,5,23,36,37,42,52,14,1,Merlin,2580
2020-09-16,16,20,29,33,47,49,45,2,Arthur,2581
2020-09-19,9,13,39,49,52,53,56,2,Arthur,2582
2020-09-23,8,17,28,35,47,51,52,3,Arthur,2583
2020-09-26,1,19,35,38,54,55,45,3,Arthur,2584
2020-09-30,10,25,34,41,46,55,36,4,Merlin,2585
2020-10-03,1,4,13,24,27,47,2,4,Merlin,2586
2020-10-07,12,18,37,52,56,58,53,1,Merlin,2587
2020-10-10,11,21,36,45,49,56,2,1,Merlin,2588
2020-10-14,9,12,28,31,46,50,10,2,Arthur,2589
2020-10-17,26,32,38,41,49,51,46,2,Arthur,2590
2020-10-21,9,12,27,28,29,44,8,3,Arthur,2591
2020-10-24,13,18,19,47,53,57,44,3,Arthur,2592
2020-10-28,11,18,27,38,47,59,14,4,Merlin,2593
2020-10-31,1,6,16,34,49,59,35,4,Merlin,2594
2020-11-04,10,20,28,32,35,50,24,5,Merlin,2595
2020-11-07,3,33,45,50,52,56,44,5,Merlin,2596
2020-11-11,6,36,46,49,50,59,38,6,Arthur,2597
2020-11-14,25,37,39,44,50,56,13,6,Arthur,2598
2020-11-18,18,26,27,28,41,54,45,7,Arthur,2599
2020-11-21,23,32,37,49,54,57,47,7,Arthur,2600
2020-11-25,11,18,30,33,44,55,48,8,Merlin,2601
2020-11-28,9,27,35,45,46,57,32,8,Merlin,2602
2020-12-02,16,22,26,38,39,47,48,5,Merlin,2603
2020-12-05,13,38,47,51,52,59,18,5,Arthur,2604
2020-12-09,7,8,10,14,28,33,26,6,Guinevere,2605
2020-12-12,13,38,39,49,53,56,59,6,Guinevere,2606
2020-12-16,2,28,30,36,38,43,33,7,Guinevere,2607
2020-12-19,4,10,14,21,27,28,23,7,Guinevere,2608
2020-12-23,20,42,48,51,52,54,21,8,Lancelot,2609
2020-12-26,26,43,44,46,52,55,6,8,Lancelot,2610
2020-12-30,11,17,21,24,37,49,45,5,Lancelot,2611
2021-01-02,6,8,9,36,39,57,37,5,Lancelot,2612
2021-01-06,2,8,36,51,52,54,10,6,Guinevere,2613
2021-01-09,9,21,23,30,35,38,53,6,Guinevere,2614
2021-01-13,1,8,12,16,18,42,4,7,Guinevere,2615
2021-01-16,3,15,38,45,48,53,27,7,Guinevere,2616
2021-01-20,3,5,7,13,25,57,37,8,Lancelot,2617
2021-01-23,1,6,25,45,49,52,56,8,Lancelot,2618
2021-01-27,22,30,34,35,45,50,51,9,Lancelot,2619
2021-01-30,4,28,31,36,51,55,42,9,Lancelot,2620
2021-02-03,4,9,17,21,26,46,12,10,Guinevere,2621
2021-02-06,27,28,32,39,46,52,6,10,Guinevere,2622
2021-02-10,1,15,29,33,42,49,54,11,Guinevere,2623
2021-02-13,15,16,37,42,44,50,48,11,Guinevere,2624
2021-02-17,5,6,8,20,26,39,1,9,Lancelot,2625
2021-02-20,3,16,18,24,36,56,10,9,Lancelot,2626
2021-02-24,1,9,16,17,18,34,13,10,Lancelot,2627
2021-02-27,4,33,36,39,45,49,20,10,Lancelot,2628
2021-03-03,2,3,8,23,40,54,52,11,Guinevere,2629
2021-03-06,16,17,29,47,52,56,15,11,Guinevere,2630
2021-03-10,1,5,9,21,26,42,17,9,Guinevere,2631
2021-03-13,6,8,11,17,29,44,20,9,Guinevere,2632
2021-03-17,7,16,26,28,36,58,9,10,Lancelot,2633
2021-03-20,12,15,24,34,36,51,21,10,Lancelot,2634
2021-03-24,2,3,23,27,40,50,30,11,Lancelot,2635
2021-03-27,3,5,18,22,26,49,29,11,Lancelot,2636
2021-03-31,4,6,13,49,56,58,12,1,Guinevere,2637
2021-04-03,2,8,28,32,40,45,5,1,Guinevere,2638
2021-04-07,12,38,40,51,57,58,29,2,Guinevere,2639
2021-04-10,20,25,26,48,49,50,30,2,Guinevere,2640
2021-04-14,6,12,20,48,52,57,34,3,Lancelot,2641
2021-04-17,7,8,18,21,23,57,4,3,Lancelot,2642
2021-04-21,4,6,14,32,34,39,46,4,Lancelot,2643
2021-04-24,16,24,29,30,32,38,1,4,Lancelot,2644
2021-04-28,1,4,27,48,57,59,5,1,Guinevere,2645
2021-05-01,7,10,31,32,34,40,14,1,Guinevere,2646
2021-05-05,8,27,34,40,55,56,43,2,Guinevere,2647
2021-05-08,10,12,23,31,37,46,15,2,Guinevere,2648
2021-05-12,10,17,23,40,51,52,20,3,Lancelot,2649
2021-05-15,6,19,27,32,39,57,50,3,Lancelot,2650
2021-05-19,18,36,50,53,57,58,22,4,Lancelot,2651
2021-05-22,9,20,41,43,46,48,7,4,Lancelot,2652
2021-05-26,28,33,36,45,49,51,48,1,Guinevere,2653
2021-05-29,1,10,16,36,46,55,44,1,Guinevere,2654
2021-06-02,1,15,17,33,53,59,41,2,Guinevere,2655
2021-06-05,3,6,33,39,46,57,17,2,Guinevere,2656
2021-06-09,9,15,24,34,43,49,32,3,Lancelot,2657
2021-06-12,9,11,16,27,36,52,50,3,Lancelot,2658
2021-06-16,6,22,28,36,48,53,13,4,Lancelot,2659
2021-06-19,12,18,21,38,44,54,14,4,Lancelot,2660
2021-06-23,4,14,15,33,50,53,16,5,Guinevere,2661
2021-06-26,14,24,37,39,41,53,19,5,Guinevere,2662
2021-06-30,12,27,34,38,40,41,32,6,Guinevere,2663
2021-07-03,1,12,27,29,31,47,23,6,Guinevere,2664
2021-07-07,2,3,7,20,40,52,14,7,Lancelot,2665
2021-07-10,9,19,22,33,47,54,1,7,Lancelot,2666
2021-07-14,12,27,29,35,36,41,51,8,Lancelot,2667
2021-07-17,3,25,33,35,48,56,1,8,Lancelot,2668
2021-07-21,5,17,20,37,45,51,29,5,Guinevere,2669
2021-07-24,6,7,17,28,34,37,59,5,Guinevere,2670
2021-07-28,23,26,34,36,44,59,43,6,Guinevere,2671
2021-07-31,11,12,13,19,43,58,48,6,Guinevere,2672
2021-08-04,3,16,27,34,36,46,6,7,Lancelot,2673
2021-08-07,10,15,22,41,51,57,58,7,Lancelot,2674
2021-08-11,13,32,36,37,39,46,40,8,Lancelot,2675
2021-08-14,1,2,15,19,39,43,58,8,Lancelot,2676
2021-08-18,4,10,27,30,48,50,54,5,Arthur,2677
2021-08-21,17,18,27,28,35,57,51,5,Arthur,2678
2021-08-25,7,15,30,39,52,59,38,6,Arthur,2679
2021-08-28,18,24,34,49,50,57,41,6,Arthur,2680
2021-09-01,3,19,28,33,41,43,57,7,Merlin,2681
2021-09-04,1,14,21,36,39,41,34,7,Merlin,2682
2021-09-08,3,4,13,14,38,56,52,8,Merlin,2683
2021-09-11,2,13,38,42,52,54,39,8,Merlin,2684
2021-09-15,20,24,25,27,34,37,50,9,Arthur,2685
2021-09-18,19,32,44,45,52,53,12,9,Arthur,2686
2021-09-22,13,21,33,40,44,52,9,10,Arthur,2687
2021-09-25,13,15,31,32,36,56,53,10,Arthur,2688
2021-09-29,15,17,27,40,45,52,28,11,Merlin,2689
2021-10-02,32,35,36,37,40,51,43,11,Merlin,2690
2021-10-06,1,9,16,27,30,51,34,9,Merlin,2691
2021-10-09,6,9,30,48,51,52,55,9,Merlin,2692
2021-10-13,4,8,12,15,38,56,30,10,Arthur,2693
2021-10-16,4,18,21,24,37,58,22,10,Arthur,2694
2021-10-20,23,27,29,37,43,47,11,11,Arthur,2695
2021-10-23,4,13,21,27,28,37,19,11,Arthur,2696
2021-10-27,8,20,22,39,47,48,16,9,Merlin,2697
2021-10-30,7,18,47,51,56,59,17,9,Merlin,2698
2021-11-03,6,31,39,47,48,58,8,10,Merlin,2699
2021-11-06,3,7,21,29,34,39,19,10,Merlin,2700
2021-11-10,10,11,18,20,37,49,5,11,Arthur,2701
2021-11-13,13,14,16,28,43,52,56,11,Arthur,2702
2021-11-17,13,24,34,35,49,55,53,1,Arthur,2703
2021-11-20,5,16,17,32,51,59,53,1,Arthur,2704
2021-11-24,4,11,17,19,39,42,59,2,Merlin,2705
2021-11-27,1,15,16,17,24,48,9,2,Merlin,2706
2021-12-01,4,7,8,37,42,50,36,3,Merlin,2707
2021-12-04,8,24,25,32,33,46,47,3,Merlin,2708
2021-12-08,12,30,31,34,52,58,56,1,Arthur,2709
2021-12-11,6,13,14,15,31,33,38,5,Arthur,2710
2021-12-15,2,15,17,28,30,45,54,6,Arthur,2711
2021-12-18,12,23,27,45,51,54,59,6,Arthur,2712
2021-12-22,6,13,14,20,45,52,54,7,Merlin,2713
2021-12-25,15,24,26,30,42,59,18,7,Merlin,2714
2021-12-29,3,17,28,42,52,57,58,8,Merlin,2715
2022-01-01,14,29,31,41,43,56,42,8,Merlin,2716
2022-01-05,3,5,21,28,56,57,14,5,Arthur,2717
2022-01-08,21,28,33,36,43,46,27,5,Arthur,2718
2022-01-12,8,21,37,39,56,59,32,6,Arthur,2719
2022-01-15,13,14,25,31,37,39,4,6,Arthur,2720
2022-01-19,3,13,41,50,56,57,58,7,Merlin,2721
2022-01-22,1,20,25,35,46,59,28,7,Merlin,2722
2022-01-26,5,26,36,53,57,58,2,8,Merlin,2723
2022-01-29,4,12,35,41,47,50,46,8,Merlin,2724
2022-02-02,6,22,29,48,50,59,3,5,Guinevere,2725
2022-02-05,8,24,36,39,46,56,48,5,Guinevere,2726
2022-02-09,12,16,17,43,53,57,29,6,Guinevere,2727
2022-02-12,9,16,26,28,47,58,49,6,Guinevere,2728
2022-02-16,21,27,31,50,53,59,24,7,Lancelot,2729
2022-02-19,33,34,44,50,56,57,26,7,Lancelot,2730
2022-02-23,4,22,26,27,33,37,20,9,Lancelot,2731
2022-02-26,5,8,33,37,47,52,20,9,Lancelot,2732
2022-03-02,43,48,49,52,55,58,32,10,Guinevere,2733
2022-03-05,10,21,29,33,42,51,48,10,Guinevere,2734
2022-03-09,3,10,26,38,41,47,45,11,Guinevere,2735
2022-03-12,7,13,21,23,39,44,16,11,Guinevere,2736
2022-03-16,14,20,23,28,33,54,12,9,Lancelot,2737
2022-03-19,20,24,33,34,50,51,7,9,Lancelot,2738
2022-03-23,3,14,15,46,52,53,50,10,Lancelot,2739
2022-03-26,13,18,27,35,46,53,40,10,Lancelot,2740
2022-03-30,11,12,14,17,44,58,29,11,Guinevere,2741
2022-04-02,22,24,27,30,52,57,20,11,Guinevere,2742
2022-04-06,3,17,23,24,30,49,59,9,Guinevere,2743
2022-04-09,10,11,18,29,44,59,17,9,Guinevere,2744
2022-04-13,1,7,10,30,40,53,2,10,Lancelot,2745
2022-04-16,2,4,6,35,55,58,44,10,Lancelot,2746
2022-04-20,5,8,24,47,50,53,31,11,Lancelot,2747
2022-04-23,7,10,24,31,48,56,15,11,Lancelot,2748
2022-04-27,10,22,35,38,56,57,46,1,Guinevere,2749
2022-04-30,15,19,26,41,51,57,52,1,Guinevere,2750
2022-05-04,6,10,29,50,55,57,5,2,Guinevere,2751
2022-05-07,3,5,6,15,41,45,39,2,Guinevere,2752
2022-05-11,21,34,37,39,44,51,26,3,Lancelot,2753
2022-05-14,12,15,21,24,39,50,35,3,Lancelot,2754
2022-05-18,18,20,38,40,42,51,45,4,Lancelot,2755
2022-05-21,12,25,37,48,51,57,8,4,Lancelot,2756
2022-05-25,30,31,37,45,49,56,51,1,Guinevere,2757
2022-05-28,5,16,24,34,44,57,20,1,Guinevere,2758
2022-06-01,1,4,6,30,32,38,18,2,Arthur,2759
2022-06-04,9,19,41,46,52,59,24,2,Arthur,2760
2022-06-08,11,23,25,38,53,58,52,3,Arthur,2761
2022-06-11,20,21,32,34,52,59,1,3,Arthur,2762
2022-06-15,3,26,37,38,41,53,36,4,Merlin,2763
2022-06-18,11,14,36,39,42,59,21,4,Merlin,2764
2022-06-22,21,36,40,46,48,54,38,1,Merlin,2765
2022-06-25,13,23,25,31,43,52,6,1,Merlin,2766
2022-06-29,3,17,21,26,46,59,39,2,Arthur,2767
2022-07-02,9,23,33,43,48,53,1,2,Arthur,2768
2022-07-06,9,25,36,41,44,54,48,3,Arthur,2769
2022-07-09,6,12,15,24,40,48,45,3,Arthur,2770
2022-07-13,12,13,19,39,42,59,10,4,Merlin,2771
2022-07-16,2,12,19,32,54,58,23,4,Merlin,2772
2022-07-20,12,14,17,32,33,36,9,5,Merlin,2773
2022-07-23,2,10,13,34,41,54,26,5,Merlin,2774
2022-07-27,1,11,14,37,38,39,54,6,Arthur,2775
2022-07-30,7,16,17,19,33,57,12,6,Arthur,2776
2022-08-03,5,25,28,29,53,58,15,7,Arthur,2777
2022-08-06,14,15,31,41,44,45,20,7,Arthur,2778
2022-08-10,6,21,24,40,47,52,30,8,Merlin,2779
2022-08-13,15,22,42,49,50,54,59,8,Merlin,2780
2022-08-17,20,26,30,37,45,48,33,5,Merlin,2781
2022-08-20,3,5,6,9,35,59,38,5,Merlin,2782
2022-08-24,10,14,25,32,35,39,42,6,Arthur,2783
2022-08-27,7,10,20,24,30,38,19,6,Arthur,2784
2022-08-31,13,16,21,30,49,54,8,7,Arthur,2785
2022-09-03,9,25,42,43,46,52,6,7,Arthur,2786
2022-09-07,3,20,27,34,42,58,48,8,Merlin,2787
2022-09-10,2,6,7,29,31,42,9,8,Merlin,2788
2022-09-14,25,38,45,46,55,57,16,5,Merlin,2789
2022-09-17,11,22,25,28,45,55,15,5,Merlin,2790
2022-09-21,6,13,28,34,37,45,24,6,Arthur,2791
2022-09-24,14,15,18,22,39,50,51,7,Arthur,2792
2022-09-28,3,15,20,48,57,58,9,7,Arthur,2793
2022-10-01,1,4,9,40,44,58,21,7,Arthur,2794
2022-10-05,23,31,36,48,51,54,38,8,Merlin,2795
2022-10-08,6,8,12,26,32,46,51,8,Merlin,2796
2022-10-12,20,21,24,26,39,47,37,9,Merlin,2797
2022-10-15,11,13,18,25,36,55,39,9,Merlin,2798
2022-10-19,2,13,18,45,50,59,14,10,Arthur,2799
2022-10-22,11,33,42,56,58,59,34,10,Arthur,2800
2022-10-26,7,13,20,21,46,53,49,11,Arthur,2801
2022-10-29,7,15,26,37,39,58,41,11,Arthur,2802
2022-11-02,4,18,40,41,44,46,54,9,Merlin,2803
2022-11-05,2,13,27,31,38,41,34,9,Merlin,2804
2022-11-09,1,5,29,31,44,58,8,10,Merlin,2805
2022-11-12,4,11,22,37,44,48,39,10,Merlin,2806
2022-11-16,1,18,27,30,39,53,58,11,Arthur,2807
2022-11-19,5,17,20,30,39,49,59,11,Arthur,2808
2022-11-23,5,16,29,42,43,58,37,9,Arthur,2809
2022-11-26,1,3,5,17,50,52,11,9,Arthur,2810
2022-11-30,13,17,20,47,49,50,11,10,Merlin,2811
2022-12-03,11,13,14,16,19,38,23,10,Merlin,2812
2022-12-07,9,21,33,37,45,51,55,11,Merlin,2813
2022-12-10,14,17,19,23,34,51,54,11,Merlin,2814
2022-12-14,16,39,41,44,49,50,6,1,Guinevere,2815
2022-12-17,15,22,38,39,49,56,32,1,Guinevere,2816
2022-12-21,5,19,34,38,53,54,31,2,Guinevere,2817
2022-12-24,1,8,14,46,49,59,19,2,Guinevere,2818
2022-12-28,5,19,27,31,48,57,30,3,Lancelot,2819
2022-12-31,27,34,47,56,57,58,19,3,Lancelot,2820
2023-01-04,1,4,9,32,42,58,26,4,Lancelot,2821
2023-01-07,6,7,11,33,45,57,18,4,Lancelot,2822
2023-01-11,4,19,22,46,54,56,21,1,Guinevere,2823
2023-01-14,9,33,37,39,47,54,24,1,Guinevere,2824
2023-01-18,11,23,26,36,37,44,53,2,Guinevere,2825
2023-01-21,7,9,14,21,30,57,18,2,Guinevere,2826
2023-01-25,4,7,19,23,50,58,8,3,Lancelot,2827
2023-01-28,5,8,20,23,30,50,25,3,Lancelot,2828
2023-02-01,16,28,29,31,53,59,34,4,Lancelot,2829
2023-02-04,2,5,23,27,31,58,56,4,Lancelot,2830
2023-02-08,13,26,28,33,42,53,55,1,Guinevere,2831
2023-02-11,3,5,37,46,47,57,50,1,Guinevere,2832
2023-02-15,10,20,34,42,50,56,14,2,Guinevere,2833
2023-02-18,9,35,49,52,53,58,29,2,Guinevere,2834
2023-02-22,11,13,15,23,34,39,9,3,Lancelot,2835
2023-02-25,22,31,32,45,50,53,35,3,Lancelot,2836
2023-03-01,5,28,36,39,48,49,35,4,Lancelot,2837
2023-03-04,6,16,24,30,33,44,7,4,Lancelot,2838
2023-03-08,5,29,41,49,57,59,22,5,Guinevere,2839
2023-03-11,1,19,27,28,41,50,49,5,Guinevere,2840
2023-03-15,2,12,24,37,39,43,36,6,Guinevere,2841
2023-03-18,13,22,39,46,54,59,58,6,Guinevere,2842
2023-03-22,5,27,33,37,42,58,10,7,Lancelot,2843
2023-03-25,11,13,30,40,43,44,28,7,Lancelot,2844
2023-03-29,10,24,27,32,42,52,37,8,Lancelot,2845
2023-04-01,3,7,13,40,43,47,49,8,Lancelot,2846
2023-04-05,4,18,29,30,39,52,46,5,Guinevere,2847
2023-04-08,4,12,19,20,24,42,17,5,Guinevere,2848
2023-04-12,12,16,29,39,45,51,5,6,Guinevere,2849
2023-04-15,3,13,17,21,35,58,29,6,Guinevere,2850
2023-04-19,7,22,25,47,54,58,37,7,Lancelot,2851
2023-04-22,8,22,29,31,35,51,46,7,Lancelot,2852
2023-04-26,19,26,27,29,53,57,17,8,Lancelot,2853
2023-04-29,12,31,35,41,44,56,59,8,Lancelot,2854
2023-05-03,12,28,33,37,42,49,25,5,Guinevere,2855
2023-05-06,3,23,33,36,54,55,7,5,Guinevere,2856
2023-05-10,9,15,22,45,52,57,12,6,Guinevere,2857
2023-05-13,2,13,32,42,54,58,28,6,Guinevere,2858
2023-05-17,1,2,4,9,50,51,17,7,Lancelot,2859
2023-05-20,7,24,34,36,44,51,20,7,Lancelot,2860
2023-05-24,3,4,10,13,14,36,18,8,Lancelot,2861
2023-05-27,5,14,22,37,42,49,54,8,Lancelot,2862
2023-05-31,19,24,28,33,41,54,48,5,Guinevere,2863
2023-06-03,4,13,15,20,22,59,17,9,Merlin,2864
2023-06-07,3,4,12,35,55,56,50,10,Merlin,2865
2023-06-10,13,29,36,39,44,56,3,10,Merlin,2866
2023-06-14,2,16,21,23,47,56,3,11,Arthur,2867
2023-06-17,11,13,28,32,46,47,21,11,Arthur,2868
2023-06-21,1,3,4,7,8,15,54,9,Arthur,2869
2023-06-24,17,18,22,36,39,53,31,9,Arthur,2870
2023-06-28,31,32,33,40,56,59,20,10,Merlin,2871
2023-07-01,1,12,20,22,24,35,34,10,Merlin,2872
2023-07-05,10,15,16,38,44,47,12,11,Merlin,2873
2023-07-08,6,15,18,23,24,59,14,11,Merlin,2874
2023-07-12,3,30,44,50,52,57,45,9,Arthur,2875
2023-07-15,10,11,37,45,46,58,30,9,Arthur,2876
2023-07-19,12,30,34,39,41,47,40,10,Arthur,2877
2023-07-22,11,14,20,35,41,46,2,10,Arthur,2878
2023-07-26,10,12,19,27,29,50,33,11,Merlin,2879
2023-07-29,8,20,21,33,37,56,25,11,Merlin,2880
2023-08-02,5,10,21,23,35,49,16,2,Merlin,2881
2023-08-05,5,22,28,38,50,58,2,2,Merlin,2882
2023-08-09,10,16,24,29,34,48,54,3,Arthur,2883
2023-08-12,14,17,21,24,25,39,44,3,Arthur,2884
2023-08-16,8,10,32,43,51,59,26,4,Arthur,2885
2023-08-19,2,7,17,28,31,37,8,4,Arthur,2886
2023-08-23,13,16,23,32,37,57,15,1,Merlin,2887
2023-08-26,12,13,41,42,45,50,43,1,Merlin,2888
2023-08-30,11,19,20,25,48,59,41,2,Merlin,2889
2023-09-02,9,11,46,49,53,55,16,2,Merlin,2890
2023-09-06,3,12,22,38,53,54,28,3,Arthur,2891
2023-09-09,15,20,39,43,49,59,56,3,Arthur,2892
2023-09-13,7,10,23,29,31,42,6,4,Arthur,2893
2023-09-16,7,17,22,24,31,59,50,4,Arthur,2894
2023-09-20,9,18,34,37,42,52,50,1,Merlin,2895
2023-09-23,12,34,37,41,55,58,13,1,Merlin,2896
2023-09-27,8,10,11,20,31,44,28,2,Merlin,2897
2023-09-30,1,8,14,20,24,40,52,2,Merlin,2898
2023-10-04,3,8,37,42,53,55,46,3,Arthur,2899
2023-10-07,10,16,20,22,47,52,26,3,Arthur,2900
2023-10-11,3,8,15,18,23,25,58,4,Arthur,2901
2023-10-14,4,27,28,31,51,57,48,4,Arthur,2902
2023-10-18,6,7,8,20,34,48,38,5,Merlin,2903
2023-10-21,14,15,26,37,43,54,6,5,Merlin,2904
2023-10-25,16,20,33,41,47,59,21,6,Merlin,2905
2023-10-28,25,28,37,38,42,50,6,6,Merlin,2906
2023-11-01,9,15,36,37,42,43,50,7,Arthur,2907
2023-11-04,20,37,39,52,54,57,43,7,Arthur,2908
2023-11-08,1,7,12,17,46,53,24,8,Arthur,2909
2023-11-11,12,26,28,34,41,42,32,8,Arthur,2910
2023-11-15,6,7,16,33,40,55,4,5,Arthur,2911
2023-11-18,3,11,22,23,32,47,56,5,Arthur,2912
2023-11-22,9,14,26,49,55,56,28,6,Arthur,2913
2023-11-25,5,9,31,34,46,48,49,6,Arthur,2914
2023-11-29,19,31,35,38,42,49,13,7,Arthur,2915
2023-12-02,2,4,11,23,26,33,40,7,Arthur,2916
2023-12-06,2,3,6,22,43,55,47,8,Arthur,2917
2023-12-09,15,27,33,44,46,59,30,8,Arthur,2918
2023-12-13,10,28,31,34,43,48,57,5,Lancelot,2919
2023-12-16,4,12,23,30,50,56,8,5,Lancelot,2920
2023-12-20,4,8,11,46,50,53,16,6,Lancelot,2921
2023-12-23,17,29,31,40,47,56,44,6,Lancelot,2922
2023-12-27,2,23,24,29,33,36,42,7,Guinevere,2923
2023-12-30,15,26,29,37,49,53,38,7,Guinevere,2924
2024-01-03,1,5,19,27,38,59,55,8,Guinevere,2925
2024-01-06,2,23,38,43,53,54,41,8,Guinevere,2926
2024-01-10,1,5,15,25,45,53,2,9,Lancelot,2927
2024-01-13,8,22,27,44,46,48,7,9,Lancelot,2928
2024-01-17,10,24,28,30,44,48,35,10,Lancelot,2929
2024-01-20,7,14,20,29,38,49,42,10,Lancelot,2930
2024-01-24,6,22,27,46,49,57,17,11,Guinevere,2931
2024-01-27,18,20,22,34,47,58,16,11,Guinevere,2932
2024-01-31,5,10,11,22,27,54,55,9,Guinevere,2933
2024-02-03,8,19,25,28,29,50,46,9,Guinevere,2934
2024-02-07,1,2,17,33,40,51,42,10,Lancelot,2935
2024-02-10,4,19,24,29,43,53,34,10,Lancelot,2936
2024-02-14,9,11,32,36,45,54,24,11,Lancelot,2937
2024-02-17,5,19,28,39,41,42,43,11,Lancelot,2938
2024-02-21,25,27,32,50,54,58,55,9,Guinevere,2939
2024-02-24,3,4,11,20,36,56,28,9,Guinevere,2940
2024-02-28,12,21,39,44,45,50,51,10,Guinevere,2941
2024-03-02,2,20,34,40,48,59,6,10,Guinevere,2942
2024-03-06,7,11,32,37,48,58,28,11,Lancelot,2943
2024-03-09,14,15,17,33,53,55,43,11,Lancelot,2944
2024-03-13,24,26,28,34,35,37,48,9,Lancelot,2945
2024-03-16,11,16,18,35,44,45,51,9,Lancelot,2946
2024-03-20,8,10,14,25,29,35,32,10,Guinevere,2947
2024-03-23,7,15,41,43,45,50,28,10,Guinevere,2948
2024-03-27,1,3,22,27,42,48,9,11,Guinevere,2949
2024-03-30,15,16,19,37,49,51,17,11,Lancelot,2950
2024-04-03,3,32,38,41,46,48,40,1,Lancelot,2951
2024-04-06,10,12,14,17,20,29,33,1,Lancelot,2952
2024-04-10,9,19,24,31,39,56,55,2,Lancelot,2953
2024-04-13,17,26,31,33,45,48,47,2,Lancelot,2954
2024-04-17,11,26,28,31,35,39,40,3,Guinevere,2955
2024-04-20,5,26,29,43,52,54,32,3,Guinevere,2956
2024-04-24,8,14,18,53,56,59,40,4,Guinevere,2957
2024-04-27,2,15,18,25,57,58,53,4,Guinevere,2958
2024-05-01,13,16,21,22,44,53,36,1,Lancelot,2959
2024-05-04,2,7,16,31,54,59,10,1,Lancelot,2960
2024-05-08,4,13,34,38,43,52,36,2,Lancelot,2961
2024-05-11,12,13,14,34,50,51,22,2,Lancelot,2962
2024-05-15,11,17,25,47,52,53,37,3,Guinevere,2963
2024-05-18,9,13,22,45,46,48,29,3,Guinevere,2964
2024-05-22,6,7,25,31,35,43,12,4,Guinevere,2965
2024-05-25,6,28,30,40,53,58,13,4,Guinevere,2966
2024-05-29,1,8,16,22,25,56,4,1,Lancelot,2967
2024-06-01,6,11,16,21,43,50,9,1,Lancelot,2968
2024-06-05,1,9,13,21,33,58,28,2,Arthur,2969
2024-06-08,3,7,10,23,24,41,59,2,Arthur,2970
2024-06-12,13,40,41,42,51,59,5,3,Arthur,2971
2024-06-15,1,9,25,29,34,39,22,3,Arthur,2972
2024-06-19,3,7,13,15,21,52,23,4,Merlin,2973
2024-06-22,5,9,18,32,44,58,34,4,Merlin,2974
2024-06-26,8,27,34,36,37,56,54,5,Merlin,2975
2024-06-29,7,11,19,25,29,31,6,5,Merlin,2976
2024-07-03,1,8,42,46,50,58,51,6,Arthur,2977
2024-07-06,11,18,24,37,47,59,13,6,Arthur,2978
2024-07-10,8,9,13,19,26,48,54,7,Arthur,2979
2024-07-13,22,27,37,38,49,51,59,7,Arthur,2980
2024-07-17,2,7,32,44,45,49,39,5,Merlin,2981
2024-07-20,9,19,22,41,55,58,44,5,Merlin,2982
2024-07-24,3,17,23,29,31,34,46,6,Merlin,2983
2024-07-27,3,25,27,33,40,45,58,6,Merlin,2984
2024-07-31,12,16,21,33,52,58,37,7,Arthur,2985
2024-08-03,6,19,20,26,28,45,7,7,Arthur,2986
2024-08-07,10,11,22,42,49,56,58,8,Arthur,2987
2024-08-10,2,25,40,42,48,59,12,8,Arthur,2988
2024-08-14,7,15,30,36,45,48,27,5,Merlin,2989
2024-08-17,3,6,10,18,52,59,49,5,Merlin,2990
2024-08-21,9,23,37,42,53,57,58,6,Merlin,2991
2024-08-24,4,17,30,34,39,43,45,6,Merlin,2992
2024-08-28,4,10,25,29,49,53,30,7,Arthur,2993
2024-08-31,2,3,29,45,48,52,54,7,Arthur,2994
2024-09-04,3,6,15,25,29,41,17,8,Arthur,2995
2024-09-07,13,32,33,37,38,50,2,8,Arthur,2996
2024-09-11,3,10,23,41,53,57,28,8,Merlin,2997
2024-09-14,21,27,38,47,49,55,54,8,Merlin,2998
2024-09-18,7,20,33,50,51,57,44,9,Merlin,2999
2024-09-21,5,17,26,48,49,57,56,9,Merlin,3000
2024-09-25,1,3,4,14,55,57,2,10,Arthur,3001
2024-09-28,18,23,36,38,39,54,12,10,Arthur,3002
2024-10-02,4,5,6,20,21,59,2,11,Arthur,3003
2024-10-05,8,12,13,20,44,49,19,11,Arthur,3004
2024-10-09,4,7,20,41,55,56,48,9,Merlin,3005
2024-10-12,2,11,13,17,39,41,37,9,Merlin,3006
2024-10-16,9,11,29,41,42,48,43,10,Merlin,3007
2024-10-19,22,43,44,47,48,54,25,10,Merlin,3008
2024-10-23,6,9,23,27,45,51,47,11,Arthur,3009
2024-10-26,9,16,30,41,44,47,13,11,Arthur,3010
2024-10-30,27,36,41,43,54,57,7,9,Arthur,3011
2024-11-02,11,12,16,19,35,50,34,9,Arthur,3012
2024-11-06,3,6,14,19,32,35,17,10,Merlin,3013
2024-11-09,33,36,43,44,50,56,18,10,Merlin,3014
2024-11-13,11,12,28,29,41,54,17,11,Merlin,3015
2024-11-16,12,16,31,38,58,59,41,11,Merlin,3016
2024-11-20,2,7,27,33,37,56,30,11,Arthur,3017
2024-11-23,3,8,13,33,39,44,56,11,Arthur,3018
2024-11-27,15,31,35,38,42,59,6,9,Arthur,3019
2024-11-30,14,19,21,22,24,38,17,9,Arthur,3020
2024-12-04,12,19,25,35,37,39,3,10,Merlin,3021
2024-12-07,9,12,14,26,35,42,18,10,Guinevere,3022
2024-12-11,2,32,35,36,49,52,19,1,Guinevere,3023
2024-12-14,1,11,12,17,19,54,3,1,Guinevere,3024
2024-12-18,18,20,28,39,52,58,38,2,Lancelot,3025
2024-12-21,3,4,10,16,40,54,8,2,Lancelot,3026
2024-12-25,9,15,17,35,47,51,31,3,Lancelot,3027
2024-12-28,16,28,34,40,53,54,55,3,Lancelot,3028
2025-01-01,18,31,35,38,42,54,41,4,Guinevere,3029
2025-01-04,16,19,22,24,27,35,28,4,Guinevere,3030
2025-01-08,7,17,20,24,27,46,21,1,Guinevere,3031
2025-01-11,2,6,10,12,28,29,57,1,Guinevere,3032
2025-01-15,11,33,34,38,55,57,20,2,Lancelot,3033
2025-01-18,2,13,24,29,32,39,46,2,Lancelot,3034
2025-01-22,2,5,12,20,47,57,43,3,Lancelot,3035
2025-01-25,14,23,24,32,38,54,50,3,Lancelot,3036
2025-01-29,7,14,29,31,38,39,56,4,Guinevere,3037
2025-02-01,1,13,25,30,32,35,2,4,Guinevere,3038
2025-02-05,26,27,34,41,51,54,52,1,Guinevere,3039
2025-02-08,6,28,36,45,47,52,51,1,Guinevere,3040
2025-02-12,8,33,34,50,56,59,17,2,Lancelot,3041
2025-02-15,17,31,39,46,52,57,1,2,Lancelot,3042
2025-02-19,5,7,37,39,40,43,8,3,Lancelot,3043
2025-02-22,3,7,9,29,33,51,5,3,Lancelot,3044
2025-02-26,1,4,10,26,31,40,24,4,Guinevere,3045
2025-03-01,6,11,14,19,41,43,53,4,Guinevere,3046
2025-03-05,8,18,19,30,43,44,58,5,Guinevere,3047
2025-03-08,1,19,29,33,42,44,21,5,Guinevere,3048
2025-03-12,4,38,42,52,56,58,44,6,Lancelot,3049
2025-03-15,4,5,6,20,31,33,28,6,Lancelot,3050
2025-03-19,6,15,27,35,41,43,28,7,Lancelot,3051
2025-03-22,10,11,34,38,54,55,26,7,Lancelot,3052
2025-03-26,17,18,22,34,53,58,14,8,Guinevere,3053
2025-03-29,1,7,17,35,43,57,19,8,Guinevere,3054
2025-04-02,5,30,36,40,41,43,53,5,Guinevere,3055
2025-04-05,10,26,33,53,57,59,18,5,Guinevere,3056
2025-04-09,12,14,28,31,33,46,43,6,Lancelot,3057
2025-04-12,4,10,12,22,53,55,31,6,Lancelot,3058
2025-04-16,27,36,39,48,57,59,45,7,Lancelot,3059
2025-04-19,1,2,11,13,30,37,33,7,Lancelot,3060
2025-04-23,1,24,26,28,37,42,44,8,Guinevere,3061
2025-04-26,7,8,11,32,36,59,21,8,Guinevere,3062
2025-04-30,16,23,28,40,42,55,44,5,Guinevere,3063
2025-05-03,17,18,23,38,41,47,9,5,Guinevere,3064
2025-05-07,3,12,21,24,41,45,20,6,Lancelot,3065
2025-05-10,13,14,15,27,33,36,18,6,Lancelot,3066
2025-05-14,2,14,34,37,48,52,29,7,Lancelot,3067
2025-05-17,18,24,34,35,47,51,26,7,Lancelot,3068
2025-05-21,5,6,16,20,30,36,2,8,Guinevere,3069
2025-05-24,9,12,13,26,38,40,4,8,Guinevere,3070
2025-05-28,8,28,31,33,49,55,13,5,Guinevere,3071
2025-05-31,8,11,12,16,20,33,52,9,Guinevere,3072
2025-06-04,2,9,19,32,45,57,31,10,Lancelot,3073
2025-06-07,11,17,27,30,39,46,56,10,Lancelot,3074
2025-06-11,8,13,35,42,47,53,39,9,Lancelot,3075
2025-06-14,8,20,36,42,48,59,46,9,Lancelot,3076
2025-06-18,8,15,31,38,44,49,59,10,Guinevere,3077
2025-06-21,6,10,12,13,31,58,15,10,Guinevere,3078
2025-06-25,14,16,21,42,49,54,41,9,Guinevere,3079
2025-06-28,16,17,22,38,40,47,4,9,Guinevere,3080
2025-07-02,4,11,34,51,54,55,57,10,Lancelot,3081
2025-07-05,9,12,18,37,43,45,15,10,Lancelot,3082
2025-07-09,6,12,15,25,51,58,57,1,Lotto 2,3083
2025-07-12,4,11,17,25,41,51,14,1,Lotto 2,3084
2025-07-16,6,9,12,15,47,55,56,2,Lotto 2,3085
2025-07-19,5,7,25,29,40,46,15,2,Lotto 2,3086
2025-07-23,3,9,11,16,21,48,22,1,Lotto 2,3087
2025-07-26,9,23,24,28,42,57,18,1,Lotto 2,3088
2025-07-30,3,5,7,18,21,37,38,4,Lotto 2,3089
2025-08-02,1,5,10,30,33,50,56,4,Lotto 2,3090
2025-08-06,5,9,17,31,47,58,35,3,Lotto 2,3091
2025-08-09,2,27,29,38,44,51,23,3,Lotto 2,3092
2025-08-13,1,16,27,41,50,55,54,2,Lotto 2,3093
2025-08-16,1,11,15,19,45,48,37,2,Lotto 2,3094
2025-08-20,1,9,10,32,44,55,49,3,Lotto 2,3095
2025-08-23,7,30,38,42,54,59,5,3,Lotto 2,3096
2025-08-27,5,25,43,45,47,55,58,4,Lotto 2,3097
2025-08-30,6,10,19,20,43,59,16,4,Lotto 2,3098
2025-09-03,7,15,18,22,31,54,28,1,Lotto 2,3099
2025-09-06,10,22,37,40,45,57,24,1,Lotto 2,3100
2025-09-10,1,9,18,27,38,42,13,2,Lotto 2,3101
2025-09-13,1,26,36,49,53,54,10,2,Lotto 2,3102
2025-09-17,7,9,18,24,30,36,42,3,Lotto 2,3103
2025-09-20,13,16,30,36,53,59,22,3,Lotto 2,3104
2025-09-24,3,16,23,30,38,47,25,4,Lotto 2,3105
2025-09-27,15,23,24,28,37,41,59,4,Lotto 2,3106
2025-10-01,13,28,31,39,51,59,27,1,Lotto 2,3107
2025-10-04,6,8,12,33,49,59,42,1,Lotto 2,3108
2025-10-08,2,21,42,48,56,57,51,5,Lotto 2,3109
2025-10-11,11,17,25,31,51,54,53,5,Lotto 2,3110
2025-10-15,29,33,36,38,48,58,52,6,Lotto 2,3111
2025-10-18,6,39,43,52,58,59,19,6,Lotto 2,3112
2025-10-22,3,24,26,34,35,36,9,9,Lotto 2,3113
2025-10-25,4,9,28,40,42,59,55,9,Lotto 2,3114
2025-10-29,9,24,30,33,35,54,32,10,Lotto 2,3115
2025-11-01,17,18,31,36,39,51,29,10,Lotto 2,3116
2025-11-05,2,15,20,42,43,59,16,9,Lotto 2,3117
2025-11-08,2,3,42,45,46,47,44,9,Lotto 2,3118
2025-11-12,9,17,31,34,54,57,7,6,Lotto 2,3119
2025-11-15,9,11,27,44,48,52,25,6,Lotto 2,3120
2025-11-19,15,18,36,50,51,57,10,9,Lotto 2,3121
2025-11-22,9,11,14,43,49,59,35,9,Lotto 2,3122
2025-11-26,10,21,49,54,55,56,40,10,Lotto 2,3123
2025-11-29,2,6,9,16,38,48,46,10,Lotto 2,3124
2025-12-03,6,13,19,48,57,58,1,5,Lotto 2,3125
2025-12-06,5,7,10,17,32,42,40,5,Lotto 2,3126
2025-12-10,4,9,26,35,42,46,38,6,Lotto 2,3127
2025-12-13,18,22,24,41,53,56,59,6,Lotto 2,3128
2025-12-17,15,20,43,50,51,58,36,9,Lotto 2,3129
2025-12-20,2,25,27,34,45,52,47,9,Lotto 2,3130
2025-12-24,12,15,16,35,38,48,49,10,Lotto 2,3131
2025-12-27,20,36,40,43,51,55,21,10,Lotto 2,3132
2025-12-31,3,20,27,29,38,46,14,5,Lotto 2,3133
2026-01-03,6,20,34,38,47,48,4,5,Lotto 2,3134
2026-01-07,3,9,20,33,45,50,12,1,Arthur,3135
2026-01-10,5,6,13,18,22,53,9,1,Arthur,3136
2026-01-14,2,5,22,35,44,54,23,9,Lotto 2,3137
2026-01-17,12,26,30,32,39,58,4,9,Lotto 2,3138
2026-01-21,5,24,28,46,49,56,19,10,Lotto 2,3139
2026-01-24,1,4,8,23,34,57,29,10,Lotto 2,3140
2026-01-28,33,45,50,52,58,59,15,5,Lotto 2,3141
2026-01-31,7,8,17,25,37,40,11,5,Lotto 2,3142
2026-02-04,1,2,19,29,51,57,5,6,Lotto 2,3143
2026-02-07,7,25,27,46,52,59,40,6,Lotto 2,3144
2026-02-11,5,11,28,30,47,53,52,9,Lotto 2,3145
2026-02-14,10,13,27,50,54,56,14,9,Lotto 2,3146
2026-02-18,1,11,12,13,18,49,33,10,Lotto 4,3147
2026-02-21,2,14,24,33,37,40,19,10,Lotto 4,3148
2026-02-25,31,34,36,41,54,57,27,5,Lotto 4,3149
2026-02-28,12,15,22,28,31,32,23,5,Lotto 4,3150
2026-03-04,20,33,43,46,50,56,45,6,Lotto 5,3151
2026-03-07,9,37,39,40,47,51,19,6,Lotto 5,3152
2026-03-11,2,3,18,25,40,54,14,9,Lotto 5,3153
2026-03-14,10,30,36,44,45,58,59,9,Lotto 5,3154
2026-03-18,14,16,18,22,47,56,54,5,Lotto 4,3155
2026-03-21,5,10,18,28,34,53,46,5,Lotto 4,3156
2026-03-25,19,22,31,32,34,40,43,6,Lotto 4,3157
2026-03-28,9,24,35,40,47,52,18,6,Lotto 4,3158
2026-04-01,7,16,23,27,35,40,48,5,Lotto 5,3159
2026-04-04,15,16,23,32,42,46,52,5,Lotto 5,3160
2026-04-08,27,29,34,36,43,59,37,6,Lotto 5,3161
2026-04-11,7,10,14,15,17,35,31,6,Lotto 5,3162
2026-04-15,22,45,49,53,54,56,25,1,Lotto 4,3163
2026-04-18,1,4,12,15,39,47,48,1,Lotto 4,3164
2026-04-22,6,12,18,29,49,56,7,2,Lotto 4,3165
2026-04-25,3,10,14,19,32,53,23,2,Lotto 4,3166
2026-04-29,4,14,22,32,38,52,27,3,Lotto 5,3167
2026-05-02,3,4,6,12,29,40,19,3,Lancelot,3168
2026-05-06,7,31,33,37,39,56,20,4,Lancelot,3169
2026-05-09,3,11,13,14,43,49,5,4,Lancelot,3170
2026-05-13,9,12,15,16,37,39,14,1,Lancelot,3171
2026-05-16,4,21,23,27,36,57,20,1,Lancelot,3172
2026-05-20,9,20,24,51,52,59,31,2,Lotto 4,3173
2026-05-23,4,5,6,7,11,33,35,2,Lotto 4,3174
2026-05-27,33,36,38,46,47,50,35,3,Lotto 4,3175
2026-05-30,4,17,18,20,23,56,33,3,Lotto 4,3176
2026-06-03,7,10,20,55,57,59,44,7,Lancelot,3177
2026-06-06,8,10,26,30,35,42,50,7,Lancelot,3178
2026-06-10,1,12,25,29,40,41,16,5,Lotto 4,3179
2026-06-13,12,15,31,32,48,58,44,5,Lotto 4,3180
2026-06-17,26,31,36,41,45,51,16,5,Lotto 5,3181
2026-06-20,15,28,30,33,39,58,44,5,Lotto 5,3182
2026-06-24,7,8,12,23,28,43,10,1,Lotto 5,3183
2026-06-27,22,34,41,43,54,56,24,1,Lotto 5,3184
2026-07-01,13,33,35,40,43,54,56,3,Lotto 6,3185
2026-07-04,7,20,33,48,57,59,47,3,Lotto 6,3186
2026-07-08,30,35,39,45,46,53,37,1,Lotto 6,3187
2026-07-11,9,13,22,36,40,45,41,1,Lotto 6,3188
2026-07-15,4,13,14,17,23,31,56,3,Lotto 4,3189
2026-07-18,22,32,34,47,52,55,10,3,Lotto4,3190
2026-07-22,3,9,12,23,32,53,46,1,Lotto4,3191
2026-07-25,2,6,29,36,55,59,50,1,Lotto4,3192
2026-07-29,5,10,22,38,56,58,54,3,Lotto5,3193
2026-08-01,16,19,32,33,34,44,29,3,Lotto5,3194
2026-08-05,24,26,27,39,47,50,8,1,Lotto5,3195
